ISO-10303-21;
HEADER;
/* Generated by software containing ST-Developer
 * from STEP Tools, Inc. (www.steptools.com) 
 */
/* OPTION: strings as raw bytes, not using required /X/ escapes */

FILE_DESCRIPTION(
/* description */ ('Unknown'),
/* implementation_level */ '2;1');

FILE_NAME(
/* name */ '60712002241507',
/* time_stamp */ '2024-07-31T15:36:59+02:00',
/* author */ ('Unknown'),
/* organization */ ('Unknown'),
/* preprocessor_version */ 'ST-DEVELOPER v19.4',
/* originating_system */ 'Solid Edge',
/* authorisation */ 'Unknown');

FILE_SCHEMA (('AUTOMOTIVE_DESIGN {1 0 10303 214 3 1 1}'));
ENDSEC;

DATA;
#10=PROPERTY_DEFINITION_REPRESENTATION(#14,#12);
#11=PROPERTY_DEFINITION_REPRESENTATION(#15,#13);
#12=REPRESENTATION('',(#16),#2721);
#13=REPRESENTATION('',(#17),#2721);
#14=PROPERTY_DEFINITION('pmi validation property','',#2726);
#15=PROPERTY_DEFINITION('pmi validation property','',#2726);
#16=VALUE_REPRESENTATION_ITEM('number of annotations',COUNT_MEASURE(0.));
#17=VALUE_REPRESENTATION_ITEM('number of views',COUNT_MEASURE(0.));
#18=SHAPE_REPRESENTATION_RELATIONSHIP('','',#1773,#19);
#19=ADVANCED_BREP_SHAPE_REPRESENTATION('',(#1771),#2721);
#20=TOROIDAL_SURFACE('',#1863,16.3225000000001,11.6225000000001);
#21=TOROIDAL_SURFACE('',#1868,16.3225000000001,11.6225000000001);
#22=CONICAL_SURFACE('',#1809,1.05,0.0587558227157227);
#23=CONICAL_SURFACE('',#1811,1.05,0.0587558227157227);
#24=CONICAL_SURFACE('',#1813,1.05,0.0587558227157227);
#25=CONICAL_SURFACE('',#1815,1.05,0.0587558227157227);
#26=CONICAL_SURFACE('',#1848,4.5,0.785398163397445);
#27=CONICAL_SURFACE('',#1854,3.675,0.785398163397448);
#28=CONICAL_SURFACE('',#1928,0.4,0.785398163397447);
#29=CYLINDRICAL_SURFACE('',#1789,0.6);
#30=CYLINDRICAL_SURFACE('',#1794,0.6);
#31=CYLINDRICAL_SURFACE('',#1800,0.6);
#32=CYLINDRICAL_SURFACE('',#1805,0.6);
#33=CYLINDRICAL_SURFACE('',#1822,1.05);
#34=CYLINDRICAL_SURFACE('',#1826,2.3);
#35=CYLINDRICAL_SURFACE('',#1830,3.375);
#36=CYLINDRICAL_SURFACE('',#1836,2.5);
#37=CYLINDRICAL_SURFACE('',#1838,0.99);
#38=CYLINDRICAL_SURFACE('',#1840,2.5);
#39=CYLINDRICAL_SURFACE('',#1842,4.825);
#40=CYLINDRICAL_SURFACE('',#1850,4.2);
#41=CYLINDRICAL_SURFACE('',#1855,0.99);
#42=CYLINDRICAL_SURFACE('',#1865,2.5);
#43=CYLINDRICAL_SURFACE('',#1872,2.5);
#44=CYLINDRICAL_SURFACE('',#1875,0.5);
#45=CYLINDRICAL_SURFACE('',#1877,0.5);
#46=CYLINDRICAL_SURFACE('',#1879,0.5);
#47=CYLINDRICAL_SURFACE('',#1881,4.825);
#48=CYLINDRICAL_SURFACE('',#1883,0.5);
#49=CYLINDRICAL_SURFACE('',#1888,1.);
#50=CYLINDRICAL_SURFACE('',#1894,1.);
#51=CYLINDRICAL_SURFACE('',#1899,1.);
#52=CYLINDRICAL_SURFACE('',#1904,1.);
#53=CYLINDRICAL_SURFACE('',#1911,1.);
#54=CYLINDRICAL_SURFACE('',#1914,1.);
#55=CYLINDRICAL_SURFACE('',#1917,1.);
#56=CYLINDRICAL_SURFACE('',#1920,1.);
#57=CYLINDRICAL_SURFACE('',#1926,0.5);
#58=B_SPLINE_CURVE_WITH_KNOTS('',3,(#2349,#2350,#2351,#2352),
 .UNSPECIFIED.,.F.,.F.,(4,4),(2.00372994056922E-7,0.00340664769155353),
 .UNSPECIFIED.);
#59=B_SPLINE_CURVE_WITH_KNOTS('',3,(#2362,#2363,#2364,#2365),
 .UNSPECIFIED.,.F.,.F.,(4,4),(2.00494858515089E-7,0.00340919134200391),
 .UNSPECIFIED.);
#60=B_SPLINE_CURVE_WITH_KNOTS('',3,(#2371,#2372,#2373,#2374),
 .UNSPECIFIED.,.F.,.F.,(4,4),(0.00355759780558622,0.00696354165823423),
 .UNSPECIFIED.);
#61=B_SPLINE_CURVE_WITH_KNOTS('',3,(#2382,#2383,#2384,#2385),
 .UNSPECIFIED.,.F.,.F.,(4,4),(2.00386996058911E-7,0.00340664770722256),
 .UNSPECIFIED.);
#62=B_SPLINE_CURVE_WITH_KNOTS('',3,(#2389,#2390,#2391,#2392),
 .UNSPECIFIED.,.F.,.F.,(4,4),(2.00372994057788E-7,0.00340664769155353),
 .UNSPECIFIED.);
#63=B_SPLINE_CURVE_WITH_KNOTS('',3,(#2402,#2403,#2404,#2405),
 .UNSPECIFIED.,.F.,.F.,(4,4),(0.00355752983146273,0.00696347369433068),
 .UNSPECIFIED.);
#64=B_SPLINE_CURVE_WITH_KNOTS('',3,(#2411,#2412,#2413,#2414),
 .UNSPECIFIED.,.F.,.F.,(4,4),(2.00571988740638E-7,0.00340919145918332),
 .UNSPECIFIED.);
#65=B_SPLINE_CURVE_WITH_KNOTS('',3,(#2422,#2423,#2424,#2425),
 .UNSPECIFIED.,.F.,.F.,(4,4),(2.00386996058911E-7,0.00340664770722256),
 .UNSPECIFIED.);
#66=B_SPLINE_CURVE_WITH_KNOTS('',3,(#2464,#2465,#2466,#2467,#2468),
 .UNSPECIFIED.,.F.,.F.,(4,1,4),(-0.00193015633090634,-1.24376969382067E-6,
0.0019276687915187),.UNSPECIFIED.);
#67=B_SPLINE_CURVE_WITH_KNOTS('',3,(#2476,#2477,#2478,#2479,#2480),
 .UNSPECIFIED.,.F.,.F.,(4,1,4),(7.24714340928478E-18,0.00193079928112352,
0.00386159856224703),.UNSPECIFIED.);
#68=B_SPLINE_CURVE_WITH_KNOTS('',3,(#2520,#2521,#2522,#2523,#2524),
 .UNSPECIFIED.,.F.,.F.,(4,1,4),(0.00752512410631616,0.00925744291674515,
0.0109897617271742),.UNSPECIFIED.);
#69=B_SPLINE_CURVE_WITH_KNOTS('',3,(#2528,#2529,#2530,#2531,#2532),
 .UNSPECIFIED.,.F.,.F.,(4,1,4),(0.00752512410631616,0.00925744291674515,
0.0109897617271741),.UNSPECIFIED.);
#70=B_SPLINE_CURVE_WITH_KNOTS('',3,(#2537,#2538,#2539,#2540,#2541),
 .UNSPECIFIED.,.F.,.F.,(4,1,4),(4.29869412670015E-18,0.00193079928112352,
0.00386159856224703),.UNSPECIFIED.);
#71=B_SPLINE_CURVE_WITH_KNOTS('',3,(#2545,#2546,#2547,#2548,#2549),
 .UNSPECIFIED.,.F.,.F.,(4,1,4),(0.00752512410631631,0.00925744291674531,
0.0109897617271743),.UNSPECIFIED.);
#72=B_SPLINE_CURVE_WITH_KNOTS('',3,(#2552,#2553,#2554,#2555,#2556),
 .UNSPECIFIED.,.F.,.F.,(4,1,4),(0.0075251241063163,0.00925744291674531,
0.0109897617271743),.UNSPECIFIED.);
#73=B_SPLINE_CURVE_WITH_KNOTS('',3,(#2566,#2567,#2568,#2569,#2570),
 .UNSPECIFIED.,.F.,.F.,(4,1,4),(5.79921489315801E-18,0.00193079928112352,
0.00386159856224703),.UNSPECIFIED.);
#74=ELLIPSE('',#1788,27.2066168422301,0.6);
#75=ELLIPSE('',#1791,13.6132288601935,0.6);
#76=ELLIPSE('',#1795,27.2066168422301,0.6);
#77=ELLIPSE('',#1799,27.2066168422327,0.6);
#78=ELLIPSE('',#1804,13.6132288601935,0.6);
#79=ELLIPSE('',#1806,27.2066168422327,0.6);
#80=CIRCLE('',#1776,0.6);
#81=CIRCLE('',#1777,0.85);
#82=CIRCLE('',#1779,0.6);
#83=CIRCLE('',#1780,0.85);
#84=CIRCLE('',#1782,0.6);
#85=CIRCLE('',#1783,0.85);
#86=CIRCLE('',#1785,0.6);
#87=CIRCLE('',#1786,0.85);
#88=CIRCLE('',#1790,0.6);
#89=CIRCLE('',#1796,0.6);
#90=CIRCLE('',#1801,0.6);
#91=CIRCLE('',#1807,0.6);
#92=CIRCLE('',#1810,1.05);
#93=CIRCLE('',#1812,1.05);
#94=CIRCLE('',#1814,1.05);
#95=CIRCLE('',#1816,1.05);
#96=CIRCLE('',#1818,1.05);
#97=CIRCLE('',#1819,1.05);
#98=CIRCLE('',#1820,1.05);
#99=CIRCLE('',#1821,1.05);
#100=CIRCLE('',#1823,1.05);
#101=CIRCLE('',#1825,2.3);
#102=CIRCLE('',#1827,2.3);
#103=CIRCLE('',#1829,3.375);
#104=CIRCLE('',#1831,3.375);
#105=CIRCLE('',#1833,0.99);
#106=CIRCLE('',#1835,0.99);
#107=CIRCLE('',#1837,2.5);
#108=CIRCLE('',#1839,0.99);
#109=CIRCLE('',#1841,2.5);
#110=CIRCLE('',#1843,4.825);
#111=CIRCLE('',#1844,4.825);
#112=CIRCLE('',#1845,4.825);
#113=CIRCLE('',#1847,4.5);
#114=CIRCLE('',#1849,4.2);
#115=CIRCLE('',#1851,4.2);
#116=CIRCLE('',#1853,3.675);
#117=CIRCLE('',#1856,0.99);
#118=CIRCLE('',#1858,0.5);
#119=CIRCLE('',#1860,0.5);
#120=CIRCLE('',#1862,0.5);
#121=CIRCLE('',#1864,4.825);
#122=CIRCLE('',#1866,2.5);
#123=CIRCLE('',#1869,4.825);
#124=CIRCLE('',#1871,2.5);
#125=CIRCLE('',#1874,0.5);
#126=CIRCLE('',#1876,0.5);
#127=CIRCLE('',#1878,0.5);
#128=CIRCLE('',#1880,0.5);
#129=CIRCLE('',#1882,4.825);
#130=CIRCLE('',#1884,0.5);
#131=CIRCLE('',#1886,1.);
#132=CIRCLE('',#1887,1.);
#133=CIRCLE('',#1889,1.);
#134=CIRCLE('',#1892,1.);
#135=CIRCLE('',#1893,1.);
#136=CIRCLE('',#1895,1.);
#137=CIRCLE('',#1898,1.);
#138=CIRCLE('',#1900,1.);
#139=CIRCLE('',#1902,1.);
#140=CIRCLE('',#1903,1.);
#141=CIRCLE('',#1905,1.);
#142=CIRCLE('',#1909,1.);
#143=CIRCLE('',#1912,1.);
#144=CIRCLE('',#1915,1.);
#145=CIRCLE('',#1918,1.);
#146=CIRCLE('',#1921,1.);
#147=CIRCLE('',#1923,0.5);
#148=CIRCLE('',#1925,0.4);
#149=CIRCLE('',#1927,0.5);
#150=ORIENTED_EDGE('',*,*,#474,.T.);
#151=ORIENTED_EDGE('',*,*,#475,.T.);
#152=ORIENTED_EDGE('',*,*,#476,.T.);
#153=ORIENTED_EDGE('',*,*,#477,.T.);
#154=ORIENTED_EDGE('',*,*,#478,.T.);
#155=ORIENTED_EDGE('',*,*,#479,.T.);
#156=ORIENTED_EDGE('',*,*,#480,.F.);
#157=ORIENTED_EDGE('',*,*,#481,.T.);
#158=ORIENTED_EDGE('',*,*,#482,.F.);
#159=ORIENTED_EDGE('',*,*,#483,.T.);
#160=ORIENTED_EDGE('',*,*,#484,.F.);
#161=ORIENTED_EDGE('',*,*,#485,.T.);
#162=ORIENTED_EDGE('',*,*,#486,.F.);
#163=ORIENTED_EDGE('',*,*,#487,.T.);
#164=ORIENTED_EDGE('',*,*,#488,.T.);
#165=ORIENTED_EDGE('',*,*,#489,.T.);
#166=ORIENTED_EDGE('',*,*,#490,.F.);
#167=ORIENTED_EDGE('',*,*,#486,.T.);
#168=ORIENTED_EDGE('',*,*,#491,.F.);
#169=ORIENTED_EDGE('',*,*,#492,.F.);
#170=ORIENTED_EDGE('',*,*,#490,.T.);
#171=ORIENTED_EDGE('',*,*,#493,.T.);
#172=ORIENTED_EDGE('',*,*,#494,.F.);
#173=ORIENTED_EDGE('',*,*,#487,.F.);
#174=ORIENTED_EDGE('',*,*,#488,.F.);
#175=ORIENTED_EDGE('',*,*,#494,.T.);
#176=ORIENTED_EDGE('',*,*,#495,.T.);
#177=ORIENTED_EDGE('',*,*,#496,.T.);
#178=ORIENTED_EDGE('',*,*,#497,.F.);
#179=ORIENTED_EDGE('',*,*,#498,.T.);
#180=ORIENTED_EDGE('',*,*,#482,.T.);
#181=ORIENTED_EDGE('',*,*,#499,.T.);
#182=ORIENTED_EDGE('',*,*,#500,.T.);
#183=ORIENTED_EDGE('',*,*,#483,.F.);
#184=ORIENTED_EDGE('',*,*,#498,.F.);
#185=ORIENTED_EDGE('',*,*,#501,.T.);
#186=ORIENTED_EDGE('',*,*,#500,.F.);
#187=ORIENTED_EDGE('',*,*,#502,.F.);
#188=ORIENTED_EDGE('',*,*,#503,.F.);
#189=ORIENTED_EDGE('',*,*,#484,.T.);
#190=ORIENTED_EDGE('',*,*,#504,.F.);
#191=ORIENTED_EDGE('',*,*,#478,.F.);
#192=ORIENTED_EDGE('',*,*,#505,.F.);
#193=ORIENTED_EDGE('',*,*,#506,.T.);
#194=ORIENTED_EDGE('',*,*,#504,.T.);
#195=ORIENTED_EDGE('',*,*,#507,.T.);
#196=ORIENTED_EDGE('',*,*,#508,.F.);
#197=ORIENTED_EDGE('',*,*,#479,.F.);
#198=ORIENTED_EDGE('',*,*,#480,.T.);
#199=ORIENTED_EDGE('',*,*,#508,.T.);
#200=ORIENTED_EDGE('',*,*,#509,.F.);
#201=ORIENTED_EDGE('',*,*,#510,.T.);
#202=ORIENTED_EDGE('',*,*,#511,.T.);
#203=ORIENTED_EDGE('',*,*,#512,.T.);
#204=ORIENTED_EDGE('',*,*,#474,.F.);
#205=ORIENTED_EDGE('',*,*,#513,.T.);
#206=ORIENTED_EDGE('',*,*,#514,.T.);
#207=ORIENTED_EDGE('',*,*,#475,.F.);
#208=ORIENTED_EDGE('',*,*,#512,.F.);
#209=ORIENTED_EDGE('',*,*,#515,.T.);
#210=ORIENTED_EDGE('',*,*,#514,.F.);
#211=ORIENTED_EDGE('',*,*,#516,.T.);
#212=ORIENTED_EDGE('',*,*,#517,.F.);
#213=ORIENTED_EDGE('',*,*,#476,.F.);
#214=ORIENTED_EDGE('',*,*,#513,.F.);
#215=ORIENTED_EDGE('',*,*,#477,.F.);
#216=ORIENTED_EDGE('',*,*,#517,.T.);
#217=ORIENTED_EDGE('',*,*,#518,.F.);
#218=ORIENTED_EDGE('',*,*,#510,.F.);
#219=ORIENTED_EDGE('',*,*,#519,.F.);
#220=ORIENTED_EDGE('',*,*,#505,.T.);
#221=ORIENTED_EDGE('',*,*,#481,.F.);
#222=ORIENTED_EDGE('',*,*,#499,.F.);
#223=ORIENTED_EDGE('',*,*,#485,.F.);
#224=ORIENTED_EDGE('',*,*,#503,.T.);
#225=ORIENTED_EDGE('',*,*,#520,.F.);
#226=ORIENTED_EDGE('',*,*,#496,.F.);
#227=ORIENTED_EDGE('',*,*,#521,.F.);
#228=ORIENTED_EDGE('',*,*,#491,.T.);
#229=ORIENTED_EDGE('',*,*,#489,.F.);
#230=ORIENTED_EDGE('',*,*,#516,.F.);
#231=ORIENTED_EDGE('',*,*,#515,.F.);
#232=ORIENTED_EDGE('',*,*,#511,.F.);
#233=ORIENTED_EDGE('',*,*,#522,.F.);
#234=ORIENTED_EDGE('',*,*,#509,.T.);
#235=ORIENTED_EDGE('',*,*,#507,.F.);
#236=ORIENTED_EDGE('',*,*,#506,.F.);
#237=ORIENTED_EDGE('',*,*,#523,.F.);
#238=ORIENTED_EDGE('',*,*,#502,.T.);
#239=ORIENTED_EDGE('',*,*,#501,.F.);
#240=ORIENTED_EDGE('',*,*,#497,.T.);
#241=ORIENTED_EDGE('',*,*,#524,.F.);
#242=ORIENTED_EDGE('',*,*,#495,.F.);
#243=ORIENTED_EDGE('',*,*,#493,.F.);
#244=ORIENTED_EDGE('',*,*,#492,.T.);
#245=ORIENTED_EDGE('',*,*,#525,.F.);
#246=ORIENTED_EDGE('',*,*,#526,.F.);
#247=ORIENTED_EDGE('',*,*,#521,.T.);
#248=ORIENTED_EDGE('',*,*,#524,.T.);
#249=ORIENTED_EDGE('',*,*,#520,.T.);
#250=ORIENTED_EDGE('',*,*,#523,.T.);
#251=ORIENTED_EDGE('',*,*,#519,.T.);
#252=ORIENTED_EDGE('',*,*,#522,.T.);
#253=ORIENTED_EDGE('',*,*,#518,.T.);
#254=ORIENTED_EDGE('',*,*,#525,.T.);
#255=ORIENTED_EDGE('',*,*,#526,.T.);
#256=ORIENTED_EDGE('',*,*,#527,.F.);
#257=ORIENTED_EDGE('',*,*,#527,.T.);
#258=ORIENTED_EDGE('',*,*,#528,.F.);
#259=ORIENTED_EDGE('',*,*,#528,.T.);
#260=ORIENTED_EDGE('',*,*,#529,.T.);
#261=ORIENTED_EDGE('',*,*,#530,.T.);
#262=ORIENTED_EDGE('',*,*,#529,.F.);
#263=ORIENTED_EDGE('',*,*,#531,.F.);
#264=ORIENTED_EDGE('',*,*,#532,.T.);
#265=ORIENTED_EDGE('',*,*,#533,.T.);
#266=ORIENTED_EDGE('',*,*,#534,.F.);
#267=ORIENTED_EDGE('',*,*,#531,.T.);
#268=ORIENTED_EDGE('',*,*,#535,.F.);
#269=ORIENTED_EDGE('',*,*,#536,.F.);
#270=ORIENTED_EDGE('',*,*,#537,.F.);
#271=ORIENTED_EDGE('',*,*,#538,.T.);
#272=ORIENTED_EDGE('',*,*,#537,.T.);
#273=ORIENTED_EDGE('',*,*,#539,.T.);
#274=ORIENTED_EDGE('',*,*,#540,.T.);
#275=ORIENTED_EDGE('',*,*,#541,.F.);
#276=ORIENTED_EDGE('',*,*,#534,.T.);
#277=ORIENTED_EDGE('',*,*,#542,.F.);
#278=ORIENTED_EDGE('',*,*,#543,.T.);
#279=ORIENTED_EDGE('',*,*,#544,.T.);
#280=ORIENTED_EDGE('',*,*,#545,.T.);
#281=ORIENTED_EDGE('',*,*,#538,.F.);
#282=ORIENTED_EDGE('',*,*,#546,.F.);
#283=ORIENTED_EDGE('',*,*,#545,.F.);
#284=ORIENTED_EDGE('',*,*,#546,.T.);
#285=ORIENTED_EDGE('',*,*,#547,.T.);
#286=ORIENTED_EDGE('',*,*,#548,.T.);
#287=ORIENTED_EDGE('',*,*,#547,.F.);
#288=ORIENTED_EDGE('',*,*,#530,.F.);
#289=ORIENTED_EDGE('',*,*,#548,.F.);
#290=ORIENTED_EDGE('',*,*,#549,.T.);
#291=ORIENTED_EDGE('',*,*,#532,.F.);
#292=ORIENTED_EDGE('',*,*,#550,.F.);
#293=ORIENTED_EDGE('',*,*,#551,.F.);
#294=ORIENTED_EDGE('',*,*,#552,.F.);
#295=ORIENTED_EDGE('',*,*,#553,.F.);
#296=ORIENTED_EDGE('',*,*,#554,.T.);
#297=ORIENTED_EDGE('',*,*,#555,.T.);
#298=ORIENTED_EDGE('',*,*,#540,.F.);
#299=ORIENTED_EDGE('',*,*,#556,.T.);
#300=ORIENTED_EDGE('',*,*,#557,.F.);
#301=ORIENTED_EDGE('',*,*,#535,.T.);
#302=ORIENTED_EDGE('',*,*,#558,.T.);
#303=ORIENTED_EDGE('',*,*,#559,.F.);
#304=ORIENTED_EDGE('',*,*,#542,.T.);
#305=ORIENTED_EDGE('',*,*,#533,.F.);
#306=ORIENTED_EDGE('',*,*,#541,.T.);
#307=ORIENTED_EDGE('',*,*,#555,.F.);
#308=ORIENTED_EDGE('',*,*,#560,.T.);
#309=ORIENTED_EDGE('',*,*,#556,.F.);
#310=ORIENTED_EDGE('',*,*,#561,.F.);
#311=ORIENTED_EDGE('',*,*,#543,.F.);
#312=ORIENTED_EDGE('',*,*,#559,.T.);
#313=ORIENTED_EDGE('',*,*,#562,.T.);
#314=ORIENTED_EDGE('',*,*,#549,.F.);
#315=ORIENTED_EDGE('',*,*,#563,.F.);
#316=ORIENTED_EDGE('',*,*,#564,.T.);
#317=ORIENTED_EDGE('',*,*,#565,.F.);
#318=ORIENTED_EDGE('',*,*,#553,.T.);
#319=ORIENTED_EDGE('',*,*,#539,.F.);
#320=ORIENTED_EDGE('',*,*,#536,.T.);
#321=ORIENTED_EDGE('',*,*,#544,.F.);
#322=ORIENTED_EDGE('',*,*,#561,.T.);
#323=ORIENTED_EDGE('',*,*,#564,.F.);
#324=ORIENTED_EDGE('',*,*,#566,.F.);
#325=ORIENTED_EDGE('',*,*,#567,.F.);
#326=ORIENTED_EDGE('',*,*,#550,.T.);
#327=ORIENTED_EDGE('',*,*,#568,.T.);
#328=ORIENTED_EDGE('',*,*,#551,.T.);
#329=ORIENTED_EDGE('',*,*,#569,.T.);
#330=ORIENTED_EDGE('',*,*,#552,.T.);
#331=ORIENTED_EDGE('',*,*,#570,.T.);
#332=ORIENTED_EDGE('',*,*,#571,.F.);
#333=ORIENTED_EDGE('',*,*,#566,.T.);
#334=ORIENTED_EDGE('',*,*,#563,.T.);
#335=ORIENTED_EDGE('',*,*,#562,.F.);
#336=ORIENTED_EDGE('',*,*,#558,.F.);
#337=ORIENTED_EDGE('',*,*,#557,.T.);
#338=ORIENTED_EDGE('',*,*,#560,.F.);
#339=ORIENTED_EDGE('',*,*,#554,.F.);
#340=ORIENTED_EDGE('',*,*,#565,.T.);
#341=ORIENTED_EDGE('',*,*,#567,.T.);
#342=ORIENTED_EDGE('',*,*,#572,.T.);
#343=ORIENTED_EDGE('',*,*,#568,.F.);
#344=ORIENTED_EDGE('',*,*,#573,.T.);
#345=ORIENTED_EDGE('',*,*,#574,.T.);
#346=ORIENTED_EDGE('',*,*,#575,.T.);
#347=ORIENTED_EDGE('',*,*,#576,.T.);
#348=ORIENTED_EDGE('',*,*,#577,.T.);
#349=ORIENTED_EDGE('',*,*,#578,.F.);
#350=ORIENTED_EDGE('',*,*,#573,.F.);
#351=ORIENTED_EDGE('',*,*,#579,.T.);
#352=ORIENTED_EDGE('',*,*,#577,.F.);
#353=ORIENTED_EDGE('',*,*,#580,.T.);
#354=ORIENTED_EDGE('',*,*,#581,.T.);
#355=ORIENTED_EDGE('',*,*,#569,.F.);
#356=ORIENTED_EDGE('',*,*,#582,.T.);
#357=ORIENTED_EDGE('',*,*,#583,.T.);
#358=ORIENTED_EDGE('',*,*,#584,.T.);
#359=ORIENTED_EDGE('',*,*,#585,.T.);
#360=ORIENTED_EDGE('',*,*,#586,.T.);
#361=ORIENTED_EDGE('',*,*,#587,.F.);
#362=ORIENTED_EDGE('',*,*,#582,.F.);
#363=ORIENTED_EDGE('',*,*,#588,.T.);
#364=ORIENTED_EDGE('',*,*,#586,.F.);
#365=ORIENTED_EDGE('',*,*,#589,.T.);
#366=ORIENTED_EDGE('',*,*,#590,.T.);
#367=ORIENTED_EDGE('',*,*,#591,.F.);
#368=ORIENTED_EDGE('',*,*,#592,.T.);
#369=ORIENTED_EDGE('',*,*,#593,.T.);
#370=ORIENTED_EDGE('',*,*,#591,.T.);
#371=ORIENTED_EDGE('',*,*,#594,.F.);
#372=ORIENTED_EDGE('',*,*,#595,.F.);
#373=ORIENTED_EDGE('',*,*,#596,.T.);
#374=ORIENTED_EDGE('',*,*,#570,.F.);
#375=ORIENTED_EDGE('',*,*,#597,.T.);
#376=ORIENTED_EDGE('',*,*,#598,.T.);
#377=ORIENTED_EDGE('',*,*,#599,.T.);
#378=ORIENTED_EDGE('',*,*,#600,.T.);
#379=ORIENTED_EDGE('',*,*,#601,.T.);
#380=ORIENTED_EDGE('',*,*,#602,.F.);
#381=ORIENTED_EDGE('',*,*,#597,.F.);
#382=ORIENTED_EDGE('',*,*,#603,.T.);
#383=ORIENTED_EDGE('',*,*,#601,.F.);
#384=ORIENTED_EDGE('',*,*,#604,.T.);
#385=ORIENTED_EDGE('',*,*,#605,.T.);
#386=ORIENTED_EDGE('',*,*,#571,.T.);
#387=ORIENTED_EDGE('',*,*,#606,.F.);
#388=ORIENTED_EDGE('',*,*,#607,.F.);
#389=ORIENTED_EDGE('',*,*,#608,.F.);
#390=ORIENTED_EDGE('',*,*,#609,.F.);
#391=ORIENTED_EDGE('',*,*,#572,.F.);
#392=ORIENTED_EDGE('',*,*,#595,.T.);
#393=ORIENTED_EDGE('',*,*,#610,.T.);
#394=ORIENTED_EDGE('',*,*,#611,.T.);
#395=ORIENTED_EDGE('',*,*,#612,.T.);
#396=ORIENTED_EDGE('',*,*,#606,.T.);
#397=ORIENTED_EDGE('',*,*,#613,.F.);
#398=ORIENTED_EDGE('',*,*,#592,.F.);
#399=ORIENTED_EDGE('',*,*,#596,.F.);
#400=ORIENTED_EDGE('',*,*,#612,.F.);
#401=ORIENTED_EDGE('',*,*,#614,.T.);
#402=ORIENTED_EDGE('',*,*,#615,.F.);
#403=ORIENTED_EDGE('',*,*,#616,.F.);
#404=ORIENTED_EDGE('',*,*,#574,.F.);
#405=ORIENTED_EDGE('',*,*,#578,.T.);
#406=ORIENTED_EDGE('',*,*,#581,.F.);
#407=ORIENTED_EDGE('',*,*,#617,.T.);
#408=ORIENTED_EDGE('',*,*,#618,.T.);
#409=ORIENTED_EDGE('',*,*,#619,.F.);
#410=ORIENTED_EDGE('',*,*,#575,.F.);
#411=ORIENTED_EDGE('',*,*,#616,.T.);
#412=ORIENTED_EDGE('',*,*,#607,.T.);
#413=ORIENTED_EDGE('',*,*,#617,.F.);
#414=ORIENTED_EDGE('',*,*,#580,.F.);
#415=ORIENTED_EDGE('',*,*,#579,.F.);
#416=ORIENTED_EDGE('',*,*,#576,.F.);
#417=ORIENTED_EDGE('',*,*,#619,.T.);
#418=ORIENTED_EDGE('',*,*,#620,.F.);
#419=ORIENTED_EDGE('',*,*,#621,.F.);
#420=ORIENTED_EDGE('',*,*,#583,.F.);
#421=ORIENTED_EDGE('',*,*,#587,.T.);
#422=ORIENTED_EDGE('',*,*,#590,.F.);
#423=ORIENTED_EDGE('',*,*,#622,.T.);
#424=ORIENTED_EDGE('',*,*,#623,.T.);
#425=ORIENTED_EDGE('',*,*,#624,.F.);
#426=ORIENTED_EDGE('',*,*,#584,.F.);
#427=ORIENTED_EDGE('',*,*,#621,.T.);
#428=ORIENTED_EDGE('',*,*,#608,.T.);
#429=ORIENTED_EDGE('',*,*,#622,.F.);
#430=ORIENTED_EDGE('',*,*,#589,.F.);
#431=ORIENTED_EDGE('',*,*,#588,.F.);
#432=ORIENTED_EDGE('',*,*,#585,.F.);
#433=ORIENTED_EDGE('',*,*,#624,.T.);
#434=ORIENTED_EDGE('',*,*,#625,.F.);
#435=ORIENTED_EDGE('',*,*,#626,.F.);
#436=ORIENTED_EDGE('',*,*,#598,.F.);
#437=ORIENTED_EDGE('',*,*,#602,.T.);
#438=ORIENTED_EDGE('',*,*,#605,.F.);
#439=ORIENTED_EDGE('',*,*,#627,.T.);
#440=ORIENTED_EDGE('',*,*,#628,.T.);
#441=ORIENTED_EDGE('',*,*,#629,.F.);
#442=ORIENTED_EDGE('',*,*,#599,.F.);
#443=ORIENTED_EDGE('',*,*,#626,.T.);
#444=ORIENTED_EDGE('',*,*,#609,.T.);
#445=ORIENTED_EDGE('',*,*,#627,.F.);
#446=ORIENTED_EDGE('',*,*,#604,.F.);
#447=ORIENTED_EDGE('',*,*,#603,.F.);
#448=ORIENTED_EDGE('',*,*,#600,.F.);
#449=ORIENTED_EDGE('',*,*,#629,.T.);
#450=ORIENTED_EDGE('',*,*,#630,.F.);
#451=ORIENTED_EDGE('',*,*,#631,.F.);
#452=ORIENTED_EDGE('',*,*,#610,.F.);
#453=ORIENTED_EDGE('',*,*,#594,.T.);
#454=ORIENTED_EDGE('',*,*,#593,.F.);
#455=ORIENTED_EDGE('',*,*,#613,.T.);
#456=ORIENTED_EDGE('',*,*,#632,.T.);
#457=ORIENTED_EDGE('',*,*,#614,.F.);
#458=ORIENTED_EDGE('',*,*,#611,.F.);
#459=ORIENTED_EDGE('',*,*,#631,.T.);
#460=ORIENTED_EDGE('',*,*,#632,.F.);
#461=ORIENTED_EDGE('',*,*,#630,.T.);
#462=ORIENTED_EDGE('',*,*,#628,.F.);
#463=ORIENTED_EDGE('',*,*,#625,.T.);
#464=ORIENTED_EDGE('',*,*,#623,.F.);
#465=ORIENTED_EDGE('',*,*,#620,.T.);
#466=ORIENTED_EDGE('',*,*,#618,.F.);
#467=ORIENTED_EDGE('',*,*,#615,.T.);
#468=ORIENTED_EDGE('',*,*,#633,.F.);
#469=ORIENTED_EDGE('',*,*,#634,.T.);
#470=ORIENTED_EDGE('',*,*,#635,.T.);
#471=ORIENTED_EDGE('',*,*,#633,.T.);
#472=ORIENTED_EDGE('',*,*,#635,.F.);
#473=ORIENTED_EDGE('',*,*,#634,.F.);
#474=EDGE_CURVE('',#636,#637,#750,.T.);
#475=EDGE_CURVE('',#637,#638,#80,.T.);
#476=EDGE_CURVE('',#638,#639,#751,.T.);
#477=EDGE_CURVE('',#639,#636,#81,.T.);
#478=EDGE_CURVE('',#640,#641,#752,.T.);
#479=EDGE_CURVE('',#641,#642,#82,.T.);
#480=EDGE_CURVE('',#643,#642,#753,.T.);
#481=EDGE_CURVE('',#643,#640,#83,.T.);
#482=EDGE_CURVE('',#644,#645,#754,.T.);
#483=EDGE_CURVE('',#644,#646,#84,.T.);
#484=EDGE_CURVE('',#647,#646,#755,.T.);
#485=EDGE_CURVE('',#647,#645,#85,.T.);
#486=EDGE_CURVE('',#648,#649,#756,.T.);
#487=EDGE_CURVE('',#648,#650,#86,.T.);
#488=EDGE_CURVE('',#650,#651,#757,.T.);
#489=EDGE_CURVE('',#651,#649,#87,.T.);
#490=EDGE_CURVE('',#648,#652,#74,.F.);
#491=EDGE_CURVE('',#653,#649,#58,.T.);
#492=EDGE_CURVE('',#652,#653,#758,.T.);
#493=EDGE_CURVE('',#652,#654,#88,.T.);
#494=EDGE_CURVE('',#650,#654,#75,.F.);
#495=EDGE_CURVE('',#654,#655,#759,.T.);
#496=EDGE_CURVE('',#655,#651,#59,.T.);
#497=EDGE_CURVE('',#656,#657,#760,.T.);
#498=EDGE_CURVE('',#656,#644,#761,.T.);
#499=EDGE_CURVE('',#645,#657,#60,.T.);
#500=EDGE_CURVE('',#658,#646,#76,.F.);
#501=EDGE_CURVE('',#656,#658,#89,.T.);
#502=EDGE_CURVE('',#659,#658,#762,.T.);
#503=EDGE_CURVE('',#647,#659,#61,.T.);
#504=EDGE_CURVE('',#641,#660,#77,.F.);
#505=EDGE_CURVE('',#661,#640,#62,.T.);
#506=EDGE_CURVE('',#661,#660,#763,.T.);
#507=EDGE_CURVE('',#660,#662,#90,.T.);
#508=EDGE_CURVE('',#642,#662,#764,.F.);
#509=EDGE_CURVE('',#663,#662,#765,.T.);
#510=EDGE_CURVE('',#663,#643,#63,.T.);
#511=EDGE_CURVE('',#664,#665,#766,.T.);
#512=EDGE_CURVE('',#665,#637,#78,.F.);
#513=EDGE_CURVE('',#636,#664,#64,.T.);
#514=EDGE_CURVE('',#666,#638,#79,.F.);
#515=EDGE_CURVE('',#665,#666,#91,.T.);
#516=EDGE_CURVE('',#666,#667,#767,.T.);
#517=EDGE_CURVE('',#639,#667,#65,.T.);
#518=EDGE_CURVE('',#664,#667,#92,.T.);
#519=EDGE_CURVE('',#661,#663,#93,.T.);
#520=EDGE_CURVE('',#657,#659,#94,.T.);
#521=EDGE_CURVE('',#653,#655,#95,.T.);
#522=EDGE_CURVE('',#663,#664,#96,.T.);
#523=EDGE_CURVE('',#659,#661,#97,.T.);
#524=EDGE_CURVE('',#655,#657,#98,.T.);
#525=EDGE_CURVE('',#667,#653,#99,.T.);
#526=EDGE_CURVE('',#668,#668,#100,.T.);
#527=EDGE_CURVE('',#669,#669,#101,.T.);
#528=EDGE_CURVE('',#670,#670,#102,.T.);
#529=EDGE_CURVE('',#671,#671,#103,.T.);
#530=EDGE_CURVE('',#672,#672,#104,.F.);
#531=EDGE_CURVE('',#673,#673,#105,.T.);
#532=EDGE_CURVE('',#674,#674,#106,.T.);
#533=EDGE_CURVE('',#675,#676,#107,.T.);
#534=EDGE_CURVE('',#675,#676,#66,.T.);
#535=EDGE_CURVE('',#677,#677,#108,.T.);
#536=EDGE_CURVE('',#678,#679,#109,.T.);
#537=EDGE_CURVE('',#679,#678,#67,.T.);
#538=EDGE_CURVE('',#680,#680,#110,.T.);
#539=EDGE_CURVE('',#678,#681,#768,.T.);
#540=EDGE_CURVE('',#681,#682,#111,.T.);
#541=EDGE_CURVE('',#675,#682,#769,.T.);
#542=EDGE_CURVE('',#683,#676,#770,.F.);
#543=EDGE_CURVE('',#683,#684,#112,.T.);
#544=EDGE_CURVE('',#684,#679,#771,.F.);
#545=EDGE_CURVE('',#685,#685,#113,.T.);
#546=EDGE_CURVE('',#686,#686,#114,.F.);
#547=EDGE_CURVE('',#687,#687,#115,.T.);
#548=EDGE_CURVE('',#688,#688,#116,.T.);
#549=EDGE_CURVE('',#689,#689,#117,.T.);
#550=EDGE_CURVE('',#690,#690,#118,.T.);
#551=EDGE_CURVE('',#691,#691,#119,.T.);
#552=EDGE_CURVE('',#692,#692,#120,.T.);
#553=EDGE_CURVE('',#693,#681,#68,.T.);
#554=EDGE_CURVE('',#693,#694,#121,.T.);
#555=EDGE_CURVE('',#694,#682,#69,.T.);
#556=EDGE_CURVE('',#695,#696,#122,.T.);
#557=EDGE_CURVE('',#695,#696,#70,.T.);
#558=EDGE_CURVE('',#695,#697,#772,.F.);
#559=EDGE_CURVE('',#683,#697,#71,.T.);
#560=EDGE_CURVE('',#694,#696,#773,.T.);
#561=EDGE_CURVE('',#684,#698,#72,.T.);
#562=EDGE_CURVE('',#697,#698,#123,.T.);
#563=EDGE_CURVE('',#699,#698,#774,.F.);
#564=EDGE_CURVE('',#699,#700,#124,.T.);
#565=EDGE_CURVE('',#693,#700,#775,.T.);
#566=EDGE_CURVE('',#700,#699,#73,.T.);
#567=EDGE_CURVE('',#701,#701,#125,.T.);
#568=EDGE_CURVE('',#702,#702,#126,.T.);
#569=EDGE_CURVE('',#703,#703,#127,.T.);
#570=EDGE_CURVE('',#704,#704,#128,.T.);
#571=EDGE_CURVE('',#705,#705,#129,.T.);
#572=EDGE_CURVE('',#706,#706,#130,.T.);
#573=EDGE_CURVE('',#707,#708,#131,.T.);
#574=EDGE_CURVE('',#708,#709,#776,.T.);
#575=EDGE_CURVE('',#709,#710,#132,.T.);
#576=EDGE_CURVE('',#710,#707,#777,.T.);
#577=EDGE_CURVE('',#711,#712,#133,.T.);
#578=EDGE_CURVE('',#708,#712,#778,.T.);
#579=EDGE_CURVE('',#707,#711,#779,.T.);
#580=EDGE_CURVE('',#711,#713,#780,.T.);
#581=EDGE_CURVE('',#713,#712,#781,.T.);
#582=EDGE_CURVE('',#714,#715,#134,.T.);
#583=EDGE_CURVE('',#715,#716,#782,.T.);
#584=EDGE_CURVE('',#716,#717,#135,.T.);
#585=EDGE_CURVE('',#717,#714,#783,.T.);
#586=EDGE_CURVE('',#718,#719,#136,.T.);
#587=EDGE_CURVE('',#715,#719,#784,.T.);
#588=EDGE_CURVE('',#714,#718,#785,.T.);
#589=EDGE_CURVE('',#718,#720,#786,.T.);
#590=EDGE_CURVE('',#720,#719,#787,.T.);
#591=EDGE_CURVE('',#721,#722,#137,.T.);
#592=EDGE_CURVE('',#721,#723,#788,.T.);
#593=EDGE_CURVE('',#723,#722,#789,.T.);
#594=EDGE_CURVE('',#724,#722,#790,.T.);
#595=EDGE_CURVE('',#725,#724,#138,.T.);
#596=EDGE_CURVE('',#725,#721,#791,.T.);
#597=EDGE_CURVE('',#726,#727,#139,.T.);
#598=EDGE_CURVE('',#727,#728,#792,.T.);
#599=EDGE_CURVE('',#728,#729,#140,.T.);
#600=EDGE_CURVE('',#729,#726,#793,.T.);
#601=EDGE_CURVE('',#730,#731,#141,.T.);
#602=EDGE_CURVE('',#727,#731,#794,.T.);
#603=EDGE_CURVE('',#726,#730,#795,.T.);
#604=EDGE_CURVE('',#730,#732,#796,.T.);
#605=EDGE_CURVE('',#732,#731,#797,.T.);
#606=EDGE_CURVE('',#733,#734,#798,.T.);
#607=EDGE_CURVE('',#735,#733,#799,.T.);
#608=EDGE_CURVE('',#736,#735,#800,.T.);
#609=EDGE_CURVE('',#734,#736,#801,.T.);
#610=EDGE_CURVE('',#724,#737,#802,.T.);
#611=EDGE_CURVE('',#737,#738,#142,.T.);
#612=EDGE_CURVE('',#738,#725,#803,.T.);
#613=EDGE_CURVE('',#723,#734,#804,.T.);
#614=EDGE_CURVE('',#738,#739,#805,.T.);
#615=EDGE_CURVE('',#740,#739,#806,.T.);
#616=EDGE_CURVE('',#709,#740,#807,.T.);
#617=EDGE_CURVE('',#713,#733,#808,.T.);
#618=EDGE_CURVE('',#740,#741,#143,.T.);
#619=EDGE_CURVE('',#710,#741,#809,.T.);
#620=EDGE_CURVE('',#742,#741,#810,.T.);
#621=EDGE_CURVE('',#716,#742,#811,.T.);
#622=EDGE_CURVE('',#720,#735,#812,.T.);
#623=EDGE_CURVE('',#742,#743,#144,.T.);
#624=EDGE_CURVE('',#717,#743,#813,.T.);
#625=EDGE_CURVE('',#744,#743,#814,.T.);
#626=EDGE_CURVE('',#728,#744,#815,.T.);
#627=EDGE_CURVE('',#732,#736,#816,.T.);
#628=EDGE_CURVE('',#744,#745,#145,.T.);
#629=EDGE_CURVE('',#729,#745,#817,.T.);
#630=EDGE_CURVE('',#746,#745,#818,.T.);
#631=EDGE_CURVE('',#737,#746,#819,.T.);
#632=EDGE_CURVE('',#746,#739,#146,.T.);
#633=EDGE_CURVE('',#747,#747,#147,.T.);
#634=EDGE_CURVE('',#748,#748,#148,.T.);
#635=EDGE_CURVE('',#749,#749,#149,.F.);
#636=VERTEX_POINT('',#2312);
#637=VERTEX_POINT('',#2313);
#638=VERTEX_POINT('',#2315);
#639=VERTEX_POINT('',#2317);
#640=VERTEX_POINT('',#2321);
#641=VERTEX_POINT('',#2322);
#642=VERTEX_POINT('',#2324);
#643=VERTEX_POINT('',#2326);
#644=VERTEX_POINT('',#2330);
#645=VERTEX_POINT('',#2331);
#646=VERTEX_POINT('',#2333);
#647=VERTEX_POINT('',#2335);
#648=VERTEX_POINT('',#2339);
#649=VERTEX_POINT('',#2340);
#650=VERTEX_POINT('',#2342);
#651=VERTEX_POINT('',#2344);
#652=VERTEX_POINT('',#2348);
#653=VERTEX_POINT('',#2353);
#654=VERTEX_POINT('',#2357);
#655=VERTEX_POINT('',#2361);
#656=VERTEX_POINT('',#2368);
#657=VERTEX_POINT('',#2369);
#658=VERTEX_POINT('',#2377);
#659=VERTEX_POINT('',#2381);
#660=VERTEX_POINT('',#2388);
#661=VERTEX_POINT('',#2393);
#662=VERTEX_POINT('',#2397);
#663=VERTEX_POINT('',#2401);
#664=VERTEX_POINT('',#2408);
#665=VERTEX_POINT('',#2409);
#666=VERTEX_POINT('',#2417);
#667=VERTEX_POINT('',#2421);
#668=VERTEX_POINT('',#2441);
#669=VERTEX_POINT('',#2444);
#670=VERTEX_POINT('',#2447);
#671=VERTEX_POINT('',#2450);
#672=VERTEX_POINT('',#2453);
#673=VERTEX_POINT('',#2456);
#674=VERTEX_POINT('',#2459);
#675=VERTEX_POINT('',#2462);
#676=VERTEX_POINT('',#2463);
#677=VERTEX_POINT('',#2471);
#678=VERTEX_POINT('',#2474);
#679=VERTEX_POINT('',#2475);
#680=VERTEX_POINT('',#2483);
#681=VERTEX_POINT('',#2485);
#682=VERTEX_POINT('',#2487);
#683=VERTEX_POINT('',#2490);
#684=VERTEX_POINT('',#2492);
#685=VERTEX_POINT('',#2496);
#686=VERTEX_POINT('',#2499);
#687=VERTEX_POINT('',#2502);
#688=VERTEX_POINT('',#2505);
#689=VERTEX_POINT('',#2509);
#690=VERTEX_POINT('',#2512);
#691=VERTEX_POINT('',#2515);
#692=VERTEX_POINT('',#2518);
#693=VERTEX_POINT('',#2525);
#694=VERTEX_POINT('',#2527);
#695=VERTEX_POINT('',#2535);
#696=VERTEX_POINT('',#2536);
#697=VERTEX_POINT('',#2544);
#698=VERTEX_POINT('',#2557);
#699=VERTEX_POINT('',#2561);
#700=VERTEX_POINT('',#2563);
#701=VERTEX_POINT('',#2573);
#702=VERTEX_POINT('',#2576);
#703=VERTEX_POINT('',#2579);
#704=VERTEX_POINT('',#2582);
#705=VERTEX_POINT('',#2585);
#706=VERTEX_POINT('',#2588);
#707=VERTEX_POINT('',#2591);
#708=VERTEX_POINT('',#2592);
#709=VERTEX_POINT('',#2594);
#710=VERTEX_POINT('',#2596);
#711=VERTEX_POINT('',#2600);
#712=VERTEX_POINT('',#2601);
#713=VERTEX_POINT('',#2606);
#714=VERTEX_POINT('',#2610);
#715=VERTEX_POINT('',#2611);
#716=VERTEX_POINT('',#2613);
#717=VERTEX_POINT('',#2615);
#718=VERTEX_POINT('',#2619);
#719=VERTEX_POINT('',#2620);
#720=VERTEX_POINT('',#2625);
#721=VERTEX_POINT('',#2629);
#722=VERTEX_POINT('',#2630);
#723=VERTEX_POINT('',#2632);
#724=VERTEX_POINT('',#2636);
#725=VERTEX_POINT('',#2638);
#726=VERTEX_POINT('',#2642);
#727=VERTEX_POINT('',#2643);
#728=VERTEX_POINT('',#2645);
#729=VERTEX_POINT('',#2647);
#730=VERTEX_POINT('',#2651);
#731=VERTEX_POINT('',#2652);
#732=VERTEX_POINT('',#2657);
#733=VERTEX_POINT('',#2661);
#734=VERTEX_POINT('',#2662);
#735=VERTEX_POINT('',#2664);
#736=VERTEX_POINT('',#2666);
#737=VERTEX_POINT('',#2670);
#738=VERTEX_POINT('',#2672);
#739=VERTEX_POINT('',#2677);
#740=VERTEX_POINT('',#2679);
#741=VERTEX_POINT('',#2684);
#742=VERTEX_POINT('',#2688);
#743=VERTEX_POINT('',#2693);
#744=VERTEX_POINT('',#2697);
#745=VERTEX_POINT('',#2702);
#746=VERTEX_POINT('',#2706);
#747=VERTEX_POINT('',#2712);
#748=VERTEX_POINT('',#2715);
#749=VERTEX_POINT('',#2718);
#750=LINE('',#2311,#820);
#751=LINE('',#2316,#821);
#752=LINE('',#2320,#822);
#753=LINE('',#2325,#823);
#754=LINE('',#2329,#824);
#755=LINE('',#2334,#825);
#756=LINE('',#2338,#826);
#757=LINE('',#2343,#827);
#758=LINE('',#2354,#828);
#759=LINE('',#2360,#829);
#760=LINE('',#2367,#830);
#761=LINE('',#2370,#831);
#762=LINE('',#2380,#832);
#763=LINE('',#2394,#833);
#764=LINE('',#2398,#834);
#765=LINE('',#2400,#835);
#766=LINE('',#2407,#836);
#767=LINE('',#2420,#837);
#768=LINE('',#2484,#838);
#769=LINE('',#2488,#839);
#770=LINE('',#2489,#840);
#771=LINE('',#2493,#841);
#772=LINE('',#2543,#842);
#773=LINE('',#2550,#843);
#774=LINE('',#2560,#844);
#775=LINE('',#2564,#845);
#776=LINE('',#2593,#846);
#777=LINE('',#2597,#847);
#778=LINE('',#2602,#848);
#779=LINE('',#2603,#849);
#780=LINE('',#2605,#850);
#781=LINE('',#2607,#851);
#782=LINE('',#2612,#852);
#783=LINE('',#2616,#853);
#784=LINE('',#2621,#854);
#785=LINE('',#2622,#855);
#786=LINE('',#2624,#856);
#787=LINE('',#2626,#857);
#788=LINE('',#2631,#858);
#789=LINE('',#2633,#859);
#790=LINE('',#2635,#860);
#791=LINE('',#2639,#861);
#792=LINE('',#2644,#862);
#793=LINE('',#2648,#863);
#794=LINE('',#2653,#864);
#795=LINE('',#2654,#865);
#796=LINE('',#2656,#866);
#797=LINE('',#2658,#867);
#798=LINE('',#2660,#868);
#799=LINE('',#2663,#869);
#800=LINE('',#2665,#870);
#801=LINE('',#2667,#871);
#802=LINE('',#2669,#872);
#803=LINE('',#2673,#873);
#804=LINE('',#2675,#874);
#805=LINE('',#2676,#875);
#806=LINE('',#2678,#876);
#807=LINE('',#2680,#877);
#808=LINE('',#2681,#878);
#809=LINE('',#2685,#879);
#810=LINE('',#2687,#880);
#811=LINE('',#2689,#881);
#812=LINE('',#2690,#882);
#813=LINE('',#2694,#883);
#814=LINE('',#2696,#884);
#815=LINE('',#2698,#885);
#816=LINE('',#2699,#886);
#817=LINE('',#2703,#887);
#818=LINE('',#2705,#888);
#819=LINE('',#2707,#889);
#820=VECTOR('',#1933,1000.);
#821=VECTOR('',#1936,1000.);
#822=VECTOR('',#1941,1000.);
#823=VECTOR('',#1944,1000.);
#824=VECTOR('',#1949,1000.);
#825=VECTOR('',#1952,1000.);
#826=VECTOR('',#1957,1000.);
#827=VECTOR('',#1960,1000.);
#828=VECTOR('',#1967,1000.);
#829=VECTOR('',#1976,1000.);
#830=VECTOR('',#1979,1000.);
#831=VECTOR('',#1980,1000.);
#832=VECTOR('',#1989,1000.);
#833=VECTOR('',#1994,1000.);
#834=VECTOR('',#1999,1000.);
#835=VECTOR('',#2002,1000.);
#836=VECTOR('',#2005,1000.);
#837=VECTOR('',#2016,1000.);
#838=VECTOR('',#2087,1000.);
#839=VECTOR('',#2090,1000.);
#840=VECTOR('',#2091,1000.);
#841=VECTOR('',#2094,1000.);
#842=VECTOR('',#2139,1000.);
#843=VECTOR('',#2140,1000.);
#844=VECTOR('',#2147,1000.);
#845=VECTOR('',#2150,1000.);
#846=VECTOR('',#2181,1000.);
#847=VECTOR('',#2184,1000.);
#848=VECTOR('',#2189,1000.);
#849=VECTOR('',#2190,1000.);
#850=VECTOR('',#2193,1000.);
#851=VECTOR('',#2194,1000.);
#852=VECTOR('',#2199,1000.);
#853=VECTOR('',#2202,1000.);
#854=VECTOR('',#2207,1000.);
#855=VECTOR('',#2208,1000.);
#856=VECTOR('',#2211,1000.);
#857=VECTOR('',#2212,1000.);
#858=VECTOR('',#2217,1000.);
#859=VECTOR('',#2218,1000.);
#860=VECTOR('',#2221,1000.);
#861=VECTOR('',#2224,1000.);
#862=VECTOR('',#2229,1000.);
#863=VECTOR('',#2232,1000.);
#864=VECTOR('',#2237,1000.);
#865=VECTOR('',#2238,1000.);
#866=VECTOR('',#2241,1000.);
#867=VECTOR('',#2242,1000.);
#868=VECTOR('',#2245,1000.);
#869=VECTOR('',#2246,1000.);
#870=VECTOR('',#2247,1000.);
#871=VECTOR('',#2248,1000.);
#872=VECTOR('',#2251,1000.);
#873=VECTOR('',#2254,1000.);
#874=VECTOR('',#2257,1000.);
#875=VECTOR('',#2258,1000.);
#876=VECTOR('',#2259,1000.);
#877=VECTOR('',#2260,1000.);
#878=VECTOR('',#2261,1000.);
#879=VECTOR('',#2266,1000.);
#880=VECTOR('',#2269,1000.);
#881=VECTOR('',#2270,1000.);
#882=VECTOR('',#2271,1000.);
#883=VECTOR('',#2276,1000.);
#884=VECTOR('',#2279,1000.);
#885=VECTOR('',#2280,1000.);
#886=VECTOR('',#2281,1000.);
#887=VECTOR('',#2286,1000.);
#888=VECTOR('',#2289,1000.);
#889=VECTOR('',#2290,1000.);
#890=EDGE_LOOP('',(#150,#151,#152,#153));
#891=EDGE_LOOP('',(#154,#155,#156,#157));
#892=EDGE_LOOP('',(#158,#159,#160,#161));
#893=EDGE_LOOP('',(#162,#163,#164,#165));
#894=EDGE_LOOP('',(#166,#167,#168,#169));
#895=EDGE_LOOP('',(#170,#171,#172,#173));
#896=EDGE_LOOP('',(#174,#175,#176,#177));
#897=EDGE_LOOP('',(#178,#179,#180,#181));
#898=EDGE_LOOP('',(#182,#183,#184,#185));
#899=EDGE_LOOP('',(#186,#187,#188,#189));
#900=EDGE_LOOP('',(#190,#191,#192,#193));
#901=EDGE_LOOP('',(#194,#195,#196,#197));
#902=EDGE_LOOP('',(#198,#199,#200,#201));
#903=EDGE_LOOP('',(#202,#203,#204,#205));
#904=EDGE_LOOP('',(#206,#207,#208,#209));
#905=EDGE_LOOP('',(#210,#211,#212,#213));
#906=EDGE_LOOP('',(#214,#215,#216,#217));
#907=EDGE_LOOP('',(#218,#219,#220,#221));
#908=EDGE_LOOP('',(#222,#223,#224,#225));
#909=EDGE_LOOP('',(#226,#227,#228,#229));
#910=EDGE_LOOP('',(#230,#231,#232,#233,#234,#235,#236,#237,#238,#239,#240,
#241,#242,#243,#244,#245));
#911=EDGE_LOOP('',(#246));
#912=EDGE_LOOP('',(#247,#248,#249,#250,#251,#252,#253,#254));
#913=EDGE_LOOP('',(#255));
#914=EDGE_LOOP('',(#256));
#915=EDGE_LOOP('',(#257));
#916=EDGE_LOOP('',(#258));
#917=EDGE_LOOP('',(#259));
#918=EDGE_LOOP('',(#260));
#919=EDGE_LOOP('',(#261));
#920=EDGE_LOOP('',(#262));
#921=EDGE_LOOP('',(#263));
#922=EDGE_LOOP('',(#264));
#923=EDGE_LOOP('',(#265,#266));
#924=EDGE_LOOP('',(#267));
#925=EDGE_LOOP('',(#268));
#926=EDGE_LOOP('',(#269,#270));
#927=EDGE_LOOP('',(#271));
#928=EDGE_LOOP('',(#272,#273,#274,#275,#276,#277,#278,#279));
#929=EDGE_LOOP('',(#280));
#930=EDGE_LOOP('',(#281));
#931=EDGE_LOOP('',(#282));
#932=EDGE_LOOP('',(#283));
#933=EDGE_LOOP('',(#284));
#934=EDGE_LOOP('',(#285));
#935=EDGE_LOOP('',(#286));
#936=EDGE_LOOP('',(#287));
#937=EDGE_LOOP('',(#288));
#938=EDGE_LOOP('',(#289));
#939=EDGE_LOOP('',(#290));
#940=EDGE_LOOP('',(#291));
#941=EDGE_LOOP('',(#292));
#942=EDGE_LOOP('',(#293));
#943=EDGE_LOOP('',(#294));
#944=EDGE_LOOP('',(#295,#296,#297,#298));
#945=EDGE_LOOP('',(#299,#300));
#946=EDGE_LOOP('',(#301));
#947=EDGE_LOOP('',(#302,#303,#304,#305,#306,#307,#308,#309));
#948=EDGE_LOOP('',(#310,#311,#312,#313));
#949=EDGE_LOOP('',(#314));
#950=EDGE_LOOP('',(#315,#316,#317,#318,#319,#320,#321,#322));
#951=EDGE_LOOP('',(#323,#324));
#952=EDGE_LOOP('',(#325));
#953=EDGE_LOOP('',(#326));
#954=EDGE_LOOP('',(#327));
#955=EDGE_LOOP('',(#328));
#956=EDGE_LOOP('',(#329));
#957=EDGE_LOOP('',(#330));
#958=EDGE_LOOP('',(#331));
#959=EDGE_LOOP('',(#332));
#960=EDGE_LOOP('',(#333,#334,#335,#336,#337,#338,#339,#340));
#961=EDGE_LOOP('',(#341));
#962=EDGE_LOOP('',(#342));
#963=EDGE_LOOP('',(#343));
#964=EDGE_LOOP('',(#344,#345,#346,#347));
#965=EDGE_LOOP('',(#348,#349,#350,#351));
#966=EDGE_LOOP('',(#352,#353,#354));
#967=EDGE_LOOP('',(#355));
#968=EDGE_LOOP('',(#356,#357,#358,#359));
#969=EDGE_LOOP('',(#360,#361,#362,#363));
#970=EDGE_LOOP('',(#364,#365,#366));
#971=EDGE_LOOP('',(#367,#368,#369));
#972=EDGE_LOOP('',(#370,#371,#372,#373));
#973=EDGE_LOOP('',(#374));
#974=EDGE_LOOP('',(#375,#376,#377,#378));
#975=EDGE_LOOP('',(#379,#380,#381,#382));
#976=EDGE_LOOP('',(#383,#384,#385));
#977=EDGE_LOOP('',(#386));
#978=EDGE_LOOP('',(#387,#388,#389,#390));
#979=EDGE_LOOP('',(#391));
#980=EDGE_LOOP('',(#392,#393,#394,#395));
#981=EDGE_LOOP('',(#396,#397,#398,#399,#400,#401,#402,#403,#404,#405,#406,
#407));
#982=EDGE_LOOP('',(#408,#409,#410,#411));
#983=EDGE_LOOP('',(#412,#413,#414,#415,#416,#417,#418,#419,#420,#421,#422,
#423));
#984=EDGE_LOOP('',(#424,#425,#426,#427));
#985=EDGE_LOOP('',(#428,#429,#430,#431,#432,#433,#434,#435,#436,#437,#438,
#439));
#986=EDGE_LOOP('',(#440,#441,#442,#443));
#987=EDGE_LOOP('',(#444,#445,#446,#447,#448,#449,#450,#451,#452,#453,#454,
#455));
#988=EDGE_LOOP('',(#456,#457,#458,#459));
#989=EDGE_LOOP('',(#460,#461,#462,#463,#464,#465,#466,#467));
#990=EDGE_LOOP('',(#468));
#991=EDGE_LOOP('',(#469));
#992=EDGE_LOOP('',(#470));
#993=EDGE_LOOP('',(#471));
#994=EDGE_LOOP('',(#472));
#995=EDGE_LOOP('',(#473));
#996=FACE_BOUND('',#890,.T.);
#997=FACE_BOUND('',#891,.T.);
#998=FACE_BOUND('',#892,.T.);
#999=FACE_BOUND('',#893,.T.);
#1000=FACE_BOUND('',#894,.T.);
#1001=FACE_BOUND('',#895,.T.);
#1002=FACE_BOUND('',#896,.T.);
#1003=FACE_BOUND('',#897,.T.);
#1004=FACE_BOUND('',#898,.T.);
#1005=FACE_BOUND('',#899,.T.);
#1006=FACE_BOUND('',#900,.T.);
#1007=FACE_BOUND('',#901,.T.);
#1008=FACE_BOUND('',#902,.T.);
#1009=FACE_BOUND('',#903,.T.);
#1010=FACE_BOUND('',#904,.T.);
#1011=FACE_BOUND('',#905,.T.);
#1012=FACE_BOUND('',#906,.T.);
#1013=FACE_BOUND('',#907,.T.);
#1014=FACE_BOUND('',#908,.T.);
#1015=FACE_BOUND('',#909,.T.);
#1016=FACE_BOUND('',#910,.T.);
#1017=FACE_BOUND('',#911,.T.);
#1018=FACE_BOUND('',#912,.T.);
#1019=FACE_BOUND('',#913,.T.);
#1020=FACE_BOUND('',#914,.T.);
#1021=FACE_BOUND('',#915,.T.);
#1022=FACE_BOUND('',#916,.T.);
#1023=FACE_BOUND('',#917,.T.);
#1024=FACE_BOUND('',#918,.T.);
#1025=FACE_BOUND('',#919,.T.);
#1026=FACE_BOUND('',#920,.T.);
#1027=FACE_BOUND('',#921,.T.);
#1028=FACE_BOUND('',#922,.T.);
#1029=FACE_BOUND('',#923,.T.);
#1030=FACE_BOUND('',#924,.T.);
#1031=FACE_BOUND('',#925,.T.);
#1032=FACE_BOUND('',#926,.T.);
#1033=FACE_BOUND('',#927,.T.);
#1034=FACE_BOUND('',#928,.T.);
#1035=FACE_BOUND('',#929,.T.);
#1036=FACE_BOUND('',#930,.T.);
#1037=FACE_BOUND('',#931,.T.);
#1038=FACE_BOUND('',#932,.T.);
#1039=FACE_BOUND('',#933,.T.);
#1040=FACE_BOUND('',#934,.T.);
#1041=FACE_BOUND('',#935,.T.);
#1042=FACE_BOUND('',#936,.T.);
#1043=FACE_BOUND('',#937,.T.);
#1044=FACE_BOUND('',#938,.T.);
#1045=FACE_BOUND('',#939,.T.);
#1046=FACE_BOUND('',#940,.T.);
#1047=FACE_BOUND('',#941,.T.);
#1048=FACE_BOUND('',#942,.T.);
#1049=FACE_BOUND('',#943,.T.);
#1050=FACE_BOUND('',#944,.T.);
#1051=FACE_BOUND('',#945,.T.);
#1052=FACE_BOUND('',#946,.T.);
#1053=FACE_BOUND('',#947,.T.);
#1054=FACE_BOUND('',#948,.T.);
#1055=FACE_BOUND('',#949,.T.);
#1056=FACE_BOUND('',#950,.T.);
#1057=FACE_BOUND('',#951,.T.);
#1058=FACE_BOUND('',#952,.T.);
#1059=FACE_BOUND('',#953,.T.);
#1060=FACE_BOUND('',#954,.T.);
#1061=FACE_BOUND('',#955,.T.);
#1062=FACE_BOUND('',#956,.T.);
#1063=FACE_BOUND('',#957,.T.);
#1064=FACE_BOUND('',#958,.T.);
#1065=FACE_BOUND('',#959,.T.);
#1066=FACE_BOUND('',#960,.T.);
#1067=FACE_BOUND('',#961,.T.);
#1068=FACE_BOUND('',#962,.T.);
#1069=FACE_BOUND('',#963,.T.);
#1070=FACE_BOUND('',#964,.T.);
#1071=FACE_BOUND('',#965,.T.);
#1072=FACE_BOUND('',#966,.T.);
#1073=FACE_BOUND('',#967,.T.);
#1074=FACE_BOUND('',#968,.T.);
#1075=FACE_BOUND('',#969,.T.);
#1076=FACE_BOUND('',#970,.T.);
#1077=FACE_BOUND('',#971,.T.);
#1078=FACE_BOUND('',#972,.T.);
#1079=FACE_BOUND('',#973,.T.);
#1080=FACE_BOUND('',#974,.T.);
#1081=FACE_BOUND('',#975,.T.);
#1082=FACE_BOUND('',#976,.T.);
#1083=FACE_BOUND('',#977,.T.);
#1084=FACE_BOUND('',#978,.T.);
#1085=FACE_BOUND('',#979,.T.);
#1086=FACE_BOUND('',#980,.T.);
#1087=FACE_BOUND('',#981,.T.);
#1088=FACE_BOUND('',#982,.T.);
#1089=FACE_BOUND('',#983,.T.);
#1090=FACE_BOUND('',#984,.T.);
#1091=FACE_BOUND('',#985,.T.);
#1092=FACE_BOUND('',#986,.T.);
#1093=FACE_BOUND('',#987,.T.);
#1094=FACE_BOUND('',#988,.T.);
#1095=FACE_BOUND('',#989,.T.);
#1096=FACE_BOUND('',#990,.T.);
#1097=FACE_BOUND('',#991,.T.);
#1098=FACE_BOUND('',#992,.T.);
#1099=FACE_BOUND('',#993,.T.);
#1100=FACE_BOUND('',#994,.T.);
#1101=FACE_BOUND('',#995,.T.);
#1102=PLANE('',#1775);
#1103=PLANE('',#1778);
#1104=PLANE('',#1781);
#1105=PLANE('',#1784);
#1106=PLANE('',#1787);
#1107=PLANE('',#1792);
#1108=PLANE('',#1793);
#1109=PLANE('',#1797);
#1110=PLANE('',#1798);
#1111=PLANE('',#1802);
#1112=PLANE('',#1803);
#1113=PLANE('',#1808);
#1114=PLANE('',#1817);
#1115=PLANE('',#1824);
#1116=PLANE('',#1828);
#1117=PLANE('',#1832);
#1118=PLANE('',#1834);
#1119=PLANE('',#1846);
#1120=PLANE('',#1852);
#1121=PLANE('',#1857);
#1122=PLANE('',#1859);
#1123=PLANE('',#1861);
#1124=PLANE('',#1867);
#1125=PLANE('',#1870);
#1126=PLANE('',#1873);
#1127=PLANE('',#1885);
#1128=PLANE('',#1890);
#1129=PLANE('',#1891);
#1130=PLANE('',#1896);
#1131=PLANE('',#1897);
#1132=PLANE('',#1901);
#1133=PLANE('',#1906);
#1134=PLANE('',#1907);
#1135=PLANE('',#1908);
#1136=PLANE('',#1910);
#1137=PLANE('',#1913);
#1138=PLANE('',#1916);
#1139=PLANE('',#1919);
#1140=PLANE('',#1922);
#1141=PLANE('',#1924);
#1142=STYLED_ITEM('',(#1220),#1692);
#1143=STYLED_ITEM('',(#1221),#1693);
#1144=STYLED_ITEM('',(#1222),#1694);
#1145=STYLED_ITEM('',(#1223),#1695);
#1146=STYLED_ITEM('',(#1224),#1696);
#1147=STYLED_ITEM('',(#1225),#1697);
#1148=STYLED_ITEM('',(#1226),#1698);
#1149=STYLED_ITEM('',(#1227),#1699);
#1150=STYLED_ITEM('',(#1228),#1700);
#1151=STYLED_ITEM('',(#1229),#1701);
#1152=STYLED_ITEM('',(#1230),#1702);
#1153=STYLED_ITEM('',(#1231),#1703);
#1154=STYLED_ITEM('',(#1232),#1704);
#1155=STYLED_ITEM('',(#1233),#1705);
#1156=STYLED_ITEM('',(#1234),#1706);
#1157=STYLED_ITEM('',(#1235),#1707);
#1158=STYLED_ITEM('',(#1236),#1708);
#1159=STYLED_ITEM('',(#1237),#1709);
#1160=STYLED_ITEM('',(#1238),#1710);
#1161=STYLED_ITEM('',(#1239),#1711);
#1162=STYLED_ITEM('',(#1240),#1712);
#1163=STYLED_ITEM('',(#1241),#1713);
#1164=STYLED_ITEM('',(#1242),#1714);
#1165=STYLED_ITEM('',(#1243),#1715);
#1166=STYLED_ITEM('',(#1244),#1716);
#1167=STYLED_ITEM('',(#1245),#1717);
#1168=STYLED_ITEM('',(#1246),#1718);
#1169=STYLED_ITEM('',(#1247),#1719);
#1170=STYLED_ITEM('',(#1248),#1720);
#1171=STYLED_ITEM('',(#1249),#1721);
#1172=STYLED_ITEM('',(#1250),#1722);
#1173=STYLED_ITEM('',(#1251),#1723);
#1174=STYLED_ITEM('',(#1252),#1724);
#1175=STYLED_ITEM('',(#1253),#1725);
#1176=STYLED_ITEM('',(#1254),#1726);
#1177=STYLED_ITEM('',(#1255),#1727);
#1178=STYLED_ITEM('',(#1256),#1728);
#1179=STYLED_ITEM('',(#1257),#1729);
#1180=STYLED_ITEM('',(#1258),#1730);
#1181=STYLED_ITEM('',(#1259),#1731);
#1182=STYLED_ITEM('',(#1260),#1732);
#1183=STYLED_ITEM('',(#1261),#1733);
#1184=STYLED_ITEM('',(#1262),#1734);
#1185=STYLED_ITEM('',(#1263),#1735);
#1186=STYLED_ITEM('',(#1264),#1736);
#1187=STYLED_ITEM('',(#1265),#1737);
#1188=STYLED_ITEM('',(#1266),#1738);
#1189=STYLED_ITEM('',(#1267),#1739);
#1190=STYLED_ITEM('',(#1268),#1740);
#1191=STYLED_ITEM('',(#1269),#1741);
#1192=STYLED_ITEM('',(#1270),#1742);
#1193=STYLED_ITEM('',(#1271),#1743);
#1194=STYLED_ITEM('',(#1272),#1744);
#1195=STYLED_ITEM('',(#1273),#1745);
#1196=STYLED_ITEM('',(#1274),#1746);
#1197=STYLED_ITEM('',(#1275),#1747);
#1198=STYLED_ITEM('',(#1276),#1748);
#1199=STYLED_ITEM('',(#1277),#1749);
#1200=STYLED_ITEM('',(#1278),#1750);
#1201=STYLED_ITEM('',(#1279),#1751);
#1202=STYLED_ITEM('',(#1280),#1752);
#1203=STYLED_ITEM('',(#1281),#1753);
#1204=STYLED_ITEM('',(#1282),#1754);
#1205=STYLED_ITEM('',(#1283),#1755);
#1206=STYLED_ITEM('',(#1284),#1756);
#1207=STYLED_ITEM('',(#1285),#1757);
#1208=STYLED_ITEM('',(#1286),#1758);
#1209=STYLED_ITEM('',(#1287),#1759);
#1210=STYLED_ITEM('',(#1288),#1760);
#1211=STYLED_ITEM('',(#1289),#1761);
#1212=STYLED_ITEM('',(#1290),#1762);
#1213=STYLED_ITEM('',(#1291),#1763);
#1214=STYLED_ITEM('',(#1292),#1764);
#1215=STYLED_ITEM('',(#1293),#1765);
#1216=STYLED_ITEM('',(#1294),#1766);
#1217=STYLED_ITEM('',(#1295),#1767);
#1218=STYLED_ITEM('',(#1296),#1768);
#1219=STYLED_ITEM('',(#1297),#1769);
#1220=PRESENTATION_STYLE_ASSIGNMENT((#1298));
#1221=PRESENTATION_STYLE_ASSIGNMENT((#1299));
#1222=PRESENTATION_STYLE_ASSIGNMENT((#1300));
#1223=PRESENTATION_STYLE_ASSIGNMENT((#1301));
#1224=PRESENTATION_STYLE_ASSIGNMENT((#1302));
#1225=PRESENTATION_STYLE_ASSIGNMENT((#1303));
#1226=PRESENTATION_STYLE_ASSIGNMENT((#1304));
#1227=PRESENTATION_STYLE_ASSIGNMENT((#1305));
#1228=PRESENTATION_STYLE_ASSIGNMENT((#1306));
#1229=PRESENTATION_STYLE_ASSIGNMENT((#1307));
#1230=PRESENTATION_STYLE_ASSIGNMENT((#1308));
#1231=PRESENTATION_STYLE_ASSIGNMENT((#1309));
#1232=PRESENTATION_STYLE_ASSIGNMENT((#1310));
#1233=PRESENTATION_STYLE_ASSIGNMENT((#1311));
#1234=PRESENTATION_STYLE_ASSIGNMENT((#1312));
#1235=PRESENTATION_STYLE_ASSIGNMENT((#1313));
#1236=PRESENTATION_STYLE_ASSIGNMENT((#1314));
#1237=PRESENTATION_STYLE_ASSIGNMENT((#1315));
#1238=PRESENTATION_STYLE_ASSIGNMENT((#1316));
#1239=PRESENTATION_STYLE_ASSIGNMENT((#1317));
#1240=PRESENTATION_STYLE_ASSIGNMENT((#1318));
#1241=PRESENTATION_STYLE_ASSIGNMENT((#1319));
#1242=PRESENTATION_STYLE_ASSIGNMENT((#1320));
#1243=PRESENTATION_STYLE_ASSIGNMENT((#1321));
#1244=PRESENTATION_STYLE_ASSIGNMENT((#1322));
#1245=PRESENTATION_STYLE_ASSIGNMENT((#1323));
#1246=PRESENTATION_STYLE_ASSIGNMENT((#1324));
#1247=PRESENTATION_STYLE_ASSIGNMENT((#1325));
#1248=PRESENTATION_STYLE_ASSIGNMENT((#1326));
#1249=PRESENTATION_STYLE_ASSIGNMENT((#1327));
#1250=PRESENTATION_STYLE_ASSIGNMENT((#1328));
#1251=PRESENTATION_STYLE_ASSIGNMENT((#1329));
#1252=PRESENTATION_STYLE_ASSIGNMENT((#1330));
#1253=PRESENTATION_STYLE_ASSIGNMENT((#1331));
#1254=PRESENTATION_STYLE_ASSIGNMENT((#1332));
#1255=PRESENTATION_STYLE_ASSIGNMENT((#1333));
#1256=PRESENTATION_STYLE_ASSIGNMENT((#1334));
#1257=PRESENTATION_STYLE_ASSIGNMENT((#1335));
#1258=PRESENTATION_STYLE_ASSIGNMENT((#1336));
#1259=PRESENTATION_STYLE_ASSIGNMENT((#1337));
#1260=PRESENTATION_STYLE_ASSIGNMENT((#1338));
#1261=PRESENTATION_STYLE_ASSIGNMENT((#1339));
#1262=PRESENTATION_STYLE_ASSIGNMENT((#1340));
#1263=PRESENTATION_STYLE_ASSIGNMENT((#1341));
#1264=PRESENTATION_STYLE_ASSIGNMENT((#1342));
#1265=PRESENTATION_STYLE_ASSIGNMENT((#1343));
#1266=PRESENTATION_STYLE_ASSIGNMENT((#1344));
#1267=PRESENTATION_STYLE_ASSIGNMENT((#1345));
#1268=PRESENTATION_STYLE_ASSIGNMENT((#1346));
#1269=PRESENTATION_STYLE_ASSIGNMENT((#1347));
#1270=PRESENTATION_STYLE_ASSIGNMENT((#1348));
#1271=PRESENTATION_STYLE_ASSIGNMENT((#1349));
#1272=PRESENTATION_STYLE_ASSIGNMENT((#1350));
#1273=PRESENTATION_STYLE_ASSIGNMENT((#1351));
#1274=PRESENTATION_STYLE_ASSIGNMENT((#1352));
#1275=PRESENTATION_STYLE_ASSIGNMENT((#1353));
#1276=PRESENTATION_STYLE_ASSIGNMENT((#1354));
#1277=PRESENTATION_STYLE_ASSIGNMENT((#1355));
#1278=PRESENTATION_STYLE_ASSIGNMENT((#1356));
#1279=PRESENTATION_STYLE_ASSIGNMENT((#1357));
#1280=PRESENTATION_STYLE_ASSIGNMENT((#1358));
#1281=PRESENTATION_STYLE_ASSIGNMENT((#1359));
#1282=PRESENTATION_STYLE_ASSIGNMENT((#1360));
#1283=PRESENTATION_STYLE_ASSIGNMENT((#1361));
#1284=PRESENTATION_STYLE_ASSIGNMENT((#1362));
#1285=PRESENTATION_STYLE_ASSIGNMENT((#1363));
#1286=PRESENTATION_STYLE_ASSIGNMENT((#1364));
#1287=PRESENTATION_STYLE_ASSIGNMENT((#1365));
#1288=PRESENTATION_STYLE_ASSIGNMENT((#1366));
#1289=PRESENTATION_STYLE_ASSIGNMENT((#1367));
#1290=PRESENTATION_STYLE_ASSIGNMENT((#1368));
#1291=PRESENTATION_STYLE_ASSIGNMENT((#1369));
#1292=PRESENTATION_STYLE_ASSIGNMENT((#1370));
#1293=PRESENTATION_STYLE_ASSIGNMENT((#1371));
#1294=PRESENTATION_STYLE_ASSIGNMENT((#1372));
#1295=PRESENTATION_STYLE_ASSIGNMENT((#1373));
#1296=PRESENTATION_STYLE_ASSIGNMENT((#1374));
#1297=PRESENTATION_STYLE_ASSIGNMENT((#1375));
#1298=SURFACE_STYLE_USAGE(.BOTH.,#1376);
#1299=SURFACE_STYLE_USAGE(.BOTH.,#1377);
#1300=SURFACE_STYLE_USAGE(.BOTH.,#1378);
#1301=SURFACE_STYLE_USAGE(.BOTH.,#1379);
#1302=SURFACE_STYLE_USAGE(.BOTH.,#1380);
#1303=SURFACE_STYLE_USAGE(.BOTH.,#1381);
#1304=SURFACE_STYLE_USAGE(.BOTH.,#1382);
#1305=SURFACE_STYLE_USAGE(.BOTH.,#1383);
#1306=SURFACE_STYLE_USAGE(.BOTH.,#1384);
#1307=SURFACE_STYLE_USAGE(.BOTH.,#1385);
#1308=SURFACE_STYLE_USAGE(.BOTH.,#1386);
#1309=SURFACE_STYLE_USAGE(.BOTH.,#1387);
#1310=SURFACE_STYLE_USAGE(.BOTH.,#1388);
#1311=SURFACE_STYLE_USAGE(.BOTH.,#1389);
#1312=SURFACE_STYLE_USAGE(.BOTH.,#1390);
#1313=SURFACE_STYLE_USAGE(.BOTH.,#1391);
#1314=SURFACE_STYLE_USAGE(.BOTH.,#1392);
#1315=SURFACE_STYLE_USAGE(.BOTH.,#1393);
#1316=SURFACE_STYLE_USAGE(.BOTH.,#1394);
#1317=SURFACE_STYLE_USAGE(.BOTH.,#1395);
#1318=SURFACE_STYLE_USAGE(.BOTH.,#1396);
#1319=SURFACE_STYLE_USAGE(.BOTH.,#1397);
#1320=SURFACE_STYLE_USAGE(.BOTH.,#1398);
#1321=SURFACE_STYLE_USAGE(.BOTH.,#1399);
#1322=SURFACE_STYLE_USAGE(.BOTH.,#1400);
#1323=SURFACE_STYLE_USAGE(.BOTH.,#1401);
#1324=SURFACE_STYLE_USAGE(.BOTH.,#1402);
#1325=SURFACE_STYLE_USAGE(.BOTH.,#1403);
#1326=SURFACE_STYLE_USAGE(.BOTH.,#1404);
#1327=SURFACE_STYLE_USAGE(.BOTH.,#1405);
#1328=SURFACE_STYLE_USAGE(.BOTH.,#1406);
#1329=SURFACE_STYLE_USAGE(.BOTH.,#1407);
#1330=SURFACE_STYLE_USAGE(.BOTH.,#1408);
#1331=SURFACE_STYLE_USAGE(.BOTH.,#1409);
#1332=SURFACE_STYLE_USAGE(.BOTH.,#1410);
#1333=SURFACE_STYLE_USAGE(.BOTH.,#1411);
#1334=SURFACE_STYLE_USAGE(.BOTH.,#1412);
#1335=SURFACE_STYLE_USAGE(.BOTH.,#1413);
#1336=SURFACE_STYLE_USAGE(.BOTH.,#1414);
#1337=SURFACE_STYLE_USAGE(.BOTH.,#1415);
#1338=SURFACE_STYLE_USAGE(.BOTH.,#1416);
#1339=SURFACE_STYLE_USAGE(.BOTH.,#1417);
#1340=SURFACE_STYLE_USAGE(.BOTH.,#1418);
#1341=SURFACE_STYLE_USAGE(.BOTH.,#1419);
#1342=SURFACE_STYLE_USAGE(.BOTH.,#1420);
#1343=SURFACE_STYLE_USAGE(.BOTH.,#1421);
#1344=SURFACE_STYLE_USAGE(.BOTH.,#1422);
#1345=SURFACE_STYLE_USAGE(.BOTH.,#1423);
#1346=SURFACE_STYLE_USAGE(.BOTH.,#1424);
#1347=SURFACE_STYLE_USAGE(.BOTH.,#1425);
#1348=SURFACE_STYLE_USAGE(.BOTH.,#1426);
#1349=SURFACE_STYLE_USAGE(.BOTH.,#1427);
#1350=SURFACE_STYLE_USAGE(.BOTH.,#1428);
#1351=SURFACE_STYLE_USAGE(.BOTH.,#1429);
#1352=SURFACE_STYLE_USAGE(.BOTH.,#1430);
#1353=SURFACE_STYLE_USAGE(.BOTH.,#1431);
#1354=SURFACE_STYLE_USAGE(.BOTH.,#1432);
#1355=SURFACE_STYLE_USAGE(.BOTH.,#1433);
#1356=SURFACE_STYLE_USAGE(.BOTH.,#1434);
#1357=SURFACE_STYLE_USAGE(.BOTH.,#1435);
#1358=SURFACE_STYLE_USAGE(.BOTH.,#1436);
#1359=SURFACE_STYLE_USAGE(.BOTH.,#1437);
#1360=SURFACE_STYLE_USAGE(.BOTH.,#1438);
#1361=SURFACE_STYLE_USAGE(.BOTH.,#1439);
#1362=SURFACE_STYLE_USAGE(.BOTH.,#1440);
#1363=SURFACE_STYLE_USAGE(.BOTH.,#1441);
#1364=SURFACE_STYLE_USAGE(.BOTH.,#1442);
#1365=SURFACE_STYLE_USAGE(.BOTH.,#1443);
#1366=SURFACE_STYLE_USAGE(.BOTH.,#1444);
#1367=SURFACE_STYLE_USAGE(.BOTH.,#1445);
#1368=SURFACE_STYLE_USAGE(.BOTH.,#1446);
#1369=SURFACE_STYLE_USAGE(.BOTH.,#1447);
#1370=SURFACE_STYLE_USAGE(.BOTH.,#1448);
#1371=SURFACE_STYLE_USAGE(.BOTH.,#1449);
#1372=SURFACE_STYLE_USAGE(.BOTH.,#1450);
#1373=SURFACE_STYLE_USAGE(.BOTH.,#1451);
#1374=SURFACE_STYLE_USAGE(.BOTH.,#1452);
#1375=SURFACE_STYLE_USAGE(.BOTH.,#1453);
#1376=SURFACE_SIDE_STYLE('',(#1454));
#1377=SURFACE_SIDE_STYLE('',(#1455));
#1378=SURFACE_SIDE_STYLE('',(#1456));
#1379=SURFACE_SIDE_STYLE('',(#1457));
#1380=SURFACE_SIDE_STYLE('',(#1458));
#1381=SURFACE_SIDE_STYLE('',(#1459));
#1382=SURFACE_SIDE_STYLE('',(#1460));
#1383=SURFACE_SIDE_STYLE('',(#1461));
#1384=SURFACE_SIDE_STYLE('',(#1462));
#1385=SURFACE_SIDE_STYLE('',(#1463));
#1386=SURFACE_SIDE_STYLE('',(#1464));
#1387=SURFACE_SIDE_STYLE('',(#1465));
#1388=SURFACE_SIDE_STYLE('',(#1466));
#1389=SURFACE_SIDE_STYLE('',(#1467));
#1390=SURFACE_SIDE_STYLE('',(#1468));
#1391=SURFACE_SIDE_STYLE('',(#1469));
#1392=SURFACE_SIDE_STYLE('',(#1470));
#1393=SURFACE_SIDE_STYLE('',(#1471));
#1394=SURFACE_SIDE_STYLE('',(#1472));
#1395=SURFACE_SIDE_STYLE('',(#1473));
#1396=SURFACE_SIDE_STYLE('',(#1474));
#1397=SURFACE_SIDE_STYLE('',(#1475));
#1398=SURFACE_SIDE_STYLE('',(#1476));
#1399=SURFACE_SIDE_STYLE('',(#1477));
#1400=SURFACE_SIDE_STYLE('',(#1478));
#1401=SURFACE_SIDE_STYLE('',(#1479));
#1402=SURFACE_SIDE_STYLE('',(#1480));
#1403=SURFACE_SIDE_STYLE('',(#1481));
#1404=SURFACE_SIDE_STYLE('',(#1482));
#1405=SURFACE_SIDE_STYLE('',(#1483));
#1406=SURFACE_SIDE_STYLE('',(#1484));
#1407=SURFACE_SIDE_STYLE('',(#1485));
#1408=SURFACE_SIDE_STYLE('',(#1486));
#1409=SURFACE_SIDE_STYLE('',(#1487));
#1410=SURFACE_SIDE_STYLE('',(#1488));
#1411=SURFACE_SIDE_STYLE('',(#1489));
#1412=SURFACE_SIDE_STYLE('',(#1490));
#1413=SURFACE_SIDE_STYLE('',(#1491));
#1414=SURFACE_SIDE_STYLE('',(#1492));
#1415=SURFACE_SIDE_STYLE('',(#1493));
#1416=SURFACE_SIDE_STYLE('',(#1494));
#1417=SURFACE_SIDE_STYLE('',(#1495));
#1418=SURFACE_SIDE_STYLE('',(#1496));
#1419=SURFACE_SIDE_STYLE('',(#1497));
#1420=SURFACE_SIDE_STYLE('',(#1498));
#1421=SURFACE_SIDE_STYLE('',(#1499));
#1422=SURFACE_SIDE_STYLE('',(#1500));
#1423=SURFACE_SIDE_STYLE('',(#1501));
#1424=SURFACE_SIDE_STYLE('',(#1502));
#1425=SURFACE_SIDE_STYLE('',(#1503));
#1426=SURFACE_SIDE_STYLE('',(#1504));
#1427=SURFACE_SIDE_STYLE('',(#1505));
#1428=SURFACE_SIDE_STYLE('',(#1506));
#1429=SURFACE_SIDE_STYLE('',(#1507));
#1430=SURFACE_SIDE_STYLE('',(#1508));
#1431=SURFACE_SIDE_STYLE('',(#1509));
#1432=SURFACE_SIDE_STYLE('',(#1510));
#1433=SURFACE_SIDE_STYLE('',(#1511));
#1434=SURFACE_SIDE_STYLE('',(#1512));
#1435=SURFACE_SIDE_STYLE('',(#1513));
#1436=SURFACE_SIDE_STYLE('',(#1514));
#1437=SURFACE_SIDE_STYLE('',(#1515));
#1438=SURFACE_SIDE_STYLE('',(#1516));
#1439=SURFACE_SIDE_STYLE('',(#1517));
#1440=SURFACE_SIDE_STYLE('',(#1518));
#1441=SURFACE_SIDE_STYLE('',(#1519));
#1442=SURFACE_SIDE_STYLE('',(#1520));
#1443=SURFACE_SIDE_STYLE('',(#1521));
#1444=SURFACE_SIDE_STYLE('',(#1522));
#1445=SURFACE_SIDE_STYLE('',(#1523));
#1446=SURFACE_SIDE_STYLE('',(#1524));
#1447=SURFACE_SIDE_STYLE('',(#1525));
#1448=SURFACE_SIDE_STYLE('',(#1526));
#1449=SURFACE_SIDE_STYLE('',(#1527));
#1450=SURFACE_SIDE_STYLE('',(#1528));
#1451=SURFACE_SIDE_STYLE('',(#1529));
#1452=SURFACE_SIDE_STYLE('',(#1530));
#1453=SURFACE_SIDE_STYLE('',(#1531));
#1454=SURFACE_STYLE_FILL_AREA(#1532);
#1455=SURFACE_STYLE_FILL_AREA(#1533);
#1456=SURFACE_STYLE_FILL_AREA(#1534);
#1457=SURFACE_STYLE_FILL_AREA(#1535);
#1458=SURFACE_STYLE_FILL_AREA(#1536);
#1459=SURFACE_STYLE_FILL_AREA(#1537);
#1460=SURFACE_STYLE_FILL_AREA(#1538);
#1461=SURFACE_STYLE_FILL_AREA(#1539);
#1462=SURFACE_STYLE_FILL_AREA(#1540);
#1463=SURFACE_STYLE_FILL_AREA(#1541);
#1464=SURFACE_STYLE_FILL_AREA(#1542);
#1465=SURFACE_STYLE_FILL_AREA(#1543);
#1466=SURFACE_STYLE_FILL_AREA(#1544);
#1467=SURFACE_STYLE_FILL_AREA(#1545);
#1468=SURFACE_STYLE_FILL_AREA(#1546);
#1469=SURFACE_STYLE_FILL_AREA(#1547);
#1470=SURFACE_STYLE_FILL_AREA(#1548);
#1471=SURFACE_STYLE_FILL_AREA(#1549);
#1472=SURFACE_STYLE_FILL_AREA(#1550);
#1473=SURFACE_STYLE_FILL_AREA(#1551);
#1474=SURFACE_STYLE_FILL_AREA(#1552);
#1475=SURFACE_STYLE_FILL_AREA(#1553);
#1476=SURFACE_STYLE_FILL_AREA(#1554);
#1477=SURFACE_STYLE_FILL_AREA(#1555);
#1478=SURFACE_STYLE_FILL_AREA(#1556);
#1479=SURFACE_STYLE_FILL_AREA(#1557);
#1480=SURFACE_STYLE_FILL_AREA(#1558);
#1481=SURFACE_STYLE_FILL_AREA(#1559);
#1482=SURFACE_STYLE_FILL_AREA(#1560);
#1483=SURFACE_STYLE_FILL_AREA(#1561);
#1484=SURFACE_STYLE_FILL_AREA(#1562);
#1485=SURFACE_STYLE_FILL_AREA(#1563);
#1486=SURFACE_STYLE_FILL_AREA(#1564);
#1487=SURFACE_STYLE_FILL_AREA(#1565);
#1488=SURFACE_STYLE_FILL_AREA(#1566);
#1489=SURFACE_STYLE_FILL_AREA(#1567);
#1490=SURFACE_STYLE_FILL_AREA(#1568);
#1491=SURFACE_STYLE_FILL_AREA(#1569);
#1492=SURFACE_STYLE_FILL_AREA(#1570);
#1493=SURFACE_STYLE_FILL_AREA(#1571);
#1494=SURFACE_STYLE_FILL_AREA(#1572);
#1495=SURFACE_STYLE_FILL_AREA(#1573);
#1496=SURFACE_STYLE_FILL_AREA(#1574);
#1497=SURFACE_STYLE_FILL_AREA(#1575);
#1498=SURFACE_STYLE_FILL_AREA(#1576);
#1499=SURFACE_STYLE_FILL_AREA(#1577);
#1500=SURFACE_STYLE_FILL_AREA(#1578);
#1501=SURFACE_STYLE_FILL_AREA(#1579);
#1502=SURFACE_STYLE_FILL_AREA(#1580);
#1503=SURFACE_STYLE_FILL_AREA(#1581);
#1504=SURFACE_STYLE_FILL_AREA(#1582);
#1505=SURFACE_STYLE_FILL_AREA(#1583);
#1506=SURFACE_STYLE_FILL_AREA(#1584);
#1507=SURFACE_STYLE_FILL_AREA(#1585);
#1508=SURFACE_STYLE_FILL_AREA(#1586);
#1509=SURFACE_STYLE_FILL_AREA(#1587);
#1510=SURFACE_STYLE_FILL_AREA(#1588);
#1511=SURFACE_STYLE_FILL_AREA(#1589);
#1512=SURFACE_STYLE_FILL_AREA(#1590);
#1513=SURFACE_STYLE_FILL_AREA(#1591);
#1514=SURFACE_STYLE_FILL_AREA(#1592);
#1515=SURFACE_STYLE_FILL_AREA(#1593);
#1516=SURFACE_STYLE_FILL_AREA(#1594);
#1517=SURFACE_STYLE_FILL_AREA(#1595);
#1518=SURFACE_STYLE_FILL_AREA(#1596);
#1519=SURFACE_STYLE_FILL_AREA(#1597);
#1520=SURFACE_STYLE_FILL_AREA(#1598);
#1521=SURFACE_STYLE_FILL_AREA(#1599);
#1522=SURFACE_STYLE_FILL_AREA(#1600);
#1523=SURFACE_STYLE_FILL_AREA(#1601);
#1524=SURFACE_STYLE_FILL_AREA(#1602);
#1525=SURFACE_STYLE_FILL_AREA(#1603);
#1526=SURFACE_STYLE_FILL_AREA(#1604);
#1527=SURFACE_STYLE_FILL_AREA(#1605);
#1528=SURFACE_STYLE_FILL_AREA(#1606);
#1529=SURFACE_STYLE_FILL_AREA(#1607);
#1530=SURFACE_STYLE_FILL_AREA(#1608);
#1531=SURFACE_STYLE_FILL_AREA(#1609);
#1532=FILL_AREA_STYLE('',(#1610));
#1533=FILL_AREA_STYLE('',(#1611));
#1534=FILL_AREA_STYLE('',(#1612));
#1535=FILL_AREA_STYLE('',(#1613));
#1536=FILL_AREA_STYLE('',(#1614));
#1537=FILL_AREA_STYLE('',(#1615));
#1538=FILL_AREA_STYLE('',(#1616));
#1539=FILL_AREA_STYLE('',(#1617));
#1540=FILL_AREA_STYLE('',(#1618));
#1541=FILL_AREA_STYLE('',(#1619));
#1542=FILL_AREA_STYLE('',(#1620));
#1543=FILL_AREA_STYLE('',(#1621));
#1544=FILL_AREA_STYLE('',(#1622));
#1545=FILL_AREA_STYLE('',(#1623));
#1546=FILL_AREA_STYLE('',(#1624));
#1547=FILL_AREA_STYLE('',(#1625));
#1548=FILL_AREA_STYLE('',(#1626));
#1549=FILL_AREA_STYLE('',(#1627));
#1550=FILL_AREA_STYLE('',(#1628));
#1551=FILL_AREA_STYLE('',(#1629));
#1552=FILL_AREA_STYLE('',(#1630));
#1553=FILL_AREA_STYLE('',(#1631));
#1554=FILL_AREA_STYLE('',(#1632));
#1555=FILL_AREA_STYLE('',(#1633));
#1556=FILL_AREA_STYLE('',(#1634));
#1557=FILL_AREA_STYLE('',(#1635));
#1558=FILL_AREA_STYLE('',(#1636));
#1559=FILL_AREA_STYLE('',(#1637));
#1560=FILL_AREA_STYLE('',(#1638));
#1561=FILL_AREA_STYLE('',(#1639));
#1562=FILL_AREA_STYLE('',(#1640));
#1563=FILL_AREA_STYLE('',(#1641));
#1564=FILL_AREA_STYLE('',(#1642));
#1565=FILL_AREA_STYLE('',(#1643));
#1566=FILL_AREA_STYLE('',(#1644));
#1567=FILL_AREA_STYLE('',(#1645));
#1568=FILL_AREA_STYLE('',(#1646));
#1569=FILL_AREA_STYLE('',(#1647));
#1570=FILL_AREA_STYLE('',(#1648));
#1571=FILL_AREA_STYLE('',(#1649));
#1572=FILL_AREA_STYLE('',(#1650));
#1573=FILL_AREA_STYLE('',(#1651));
#1574=FILL_AREA_STYLE('',(#1652));
#1575=FILL_AREA_STYLE('',(#1653));
#1576=FILL_AREA_STYLE('',(#1654));
#1577=FILL_AREA_STYLE('',(#1655));
#1578=FILL_AREA_STYLE('',(#1656));
#1579=FILL_AREA_STYLE('',(#1657));
#1580=FILL_AREA_STYLE('',(#1658));
#1581=FILL_AREA_STYLE('',(#1659));
#1582=FILL_AREA_STYLE('',(#1660));
#1583=FILL_AREA_STYLE('',(#1661));
#1584=FILL_AREA_STYLE('',(#1662));
#1585=FILL_AREA_STYLE('',(#1663));
#1586=FILL_AREA_STYLE('',(#1664));
#1587=FILL_AREA_STYLE('',(#1665));
#1588=FILL_AREA_STYLE('',(#1666));
#1589=FILL_AREA_STYLE('',(#1667));
#1590=FILL_AREA_STYLE('',(#1668));
#1591=FILL_AREA_STYLE('',(#1669));
#1592=FILL_AREA_STYLE('',(#1670));
#1593=FILL_AREA_STYLE('',(#1671));
#1594=FILL_AREA_STYLE('',(#1672));
#1595=FILL_AREA_STYLE('',(#1673));
#1596=FILL_AREA_STYLE('',(#1674));
#1597=FILL_AREA_STYLE('',(#1675));
#1598=FILL_AREA_STYLE('',(#1676));
#1599=FILL_AREA_STYLE('',(#1677));
#1600=FILL_AREA_STYLE('',(#1678));
#1601=FILL_AREA_STYLE('',(#1679));
#1602=FILL_AREA_STYLE('',(#1680));
#1603=FILL_AREA_STYLE('',(#1681));
#1604=FILL_AREA_STYLE('',(#1682));
#1605=FILL_AREA_STYLE('',(#1683));
#1606=FILL_AREA_STYLE('',(#1684));
#1607=FILL_AREA_STYLE('',(#1685));
#1608=FILL_AREA_STYLE('',(#1686));
#1609=FILL_AREA_STYLE('',(#1687));
#1610=FILL_AREA_STYLE_COLOUR('',#1688);
#1611=FILL_AREA_STYLE_COLOUR('',#1688);
#1612=FILL_AREA_STYLE_COLOUR('',#1688);
#1613=FILL_AREA_STYLE_COLOUR('',#1688);
#1614=FILL_AREA_STYLE_COLOUR('',#1688);
#1615=FILL_AREA_STYLE_COLOUR('',#1688);
#1616=FILL_AREA_STYLE_COLOUR('',#1688);
#1617=FILL_AREA_STYLE_COLOUR('',#1688);
#1618=FILL_AREA_STYLE_COLOUR('',#1688);
#1619=FILL_AREA_STYLE_COLOUR('',#1688);
#1620=FILL_AREA_STYLE_COLOUR('',#1688);
#1621=FILL_AREA_STYLE_COLOUR('',#1688);
#1622=FILL_AREA_STYLE_COLOUR('',#1688);
#1623=FILL_AREA_STYLE_COLOUR('',#1688);
#1624=FILL_AREA_STYLE_COLOUR('',#1688);
#1625=FILL_AREA_STYLE_COLOUR('',#1688);
#1626=FILL_AREA_STYLE_COLOUR('',#1688);
#1627=FILL_AREA_STYLE_COLOUR('',#1688);
#1628=FILL_AREA_STYLE_COLOUR('',#1688);
#1629=FILL_AREA_STYLE_COLOUR('',#1688);
#1630=FILL_AREA_STYLE_COLOUR('',#1688);
#1631=FILL_AREA_STYLE_COLOUR('',#1689);
#1632=FILL_AREA_STYLE_COLOUR('',#1689);
#1633=FILL_AREA_STYLE_COLOUR('',#1689);
#1634=FILL_AREA_STYLE_COLOUR('',#1689);
#1635=FILL_AREA_STYLE_COLOUR('',#1689);
#1636=FILL_AREA_STYLE_COLOUR('',#1690);
#1637=FILL_AREA_STYLE_COLOUR('',#1690);
#1638=FILL_AREA_STYLE_COLOUR('',#1690);
#1639=FILL_AREA_STYLE_COLOUR('',#1690);
#1640=FILL_AREA_STYLE_COLOUR('',#1690);
#1641=FILL_AREA_STYLE_COLOUR('',#1690);
#1642=FILL_AREA_STYLE_COLOUR('',#1690);
#1643=FILL_AREA_STYLE_COLOUR('',#1690);
#1644=FILL_AREA_STYLE_COLOUR('',#1690);
#1645=FILL_AREA_STYLE_COLOUR('',#1690);
#1646=FILL_AREA_STYLE_COLOUR('',#1690);
#1647=FILL_AREA_STYLE_COLOUR('',#1690);
#1648=FILL_AREA_STYLE_COLOUR('',#1690);
#1649=FILL_AREA_STYLE_COLOUR('',#1690);
#1650=FILL_AREA_STYLE_COLOUR('',#1690);
#1651=FILL_AREA_STYLE_COLOUR('',#1690);
#1652=FILL_AREA_STYLE_COLOUR('',#1690);
#1653=FILL_AREA_STYLE_COLOUR('',#1690);
#1654=FILL_AREA_STYLE_COLOUR('',#1690);
#1655=FILL_AREA_STYLE_COLOUR('',#1690);
#1656=FILL_AREA_STYLE_COLOUR('',#1690);
#1657=FILL_AREA_STYLE_COLOUR('',#1690);
#1658=FILL_AREA_STYLE_COLOUR('',#1690);
#1659=FILL_AREA_STYLE_COLOUR('',#1690);
#1660=FILL_AREA_STYLE_COLOUR('',#1690);
#1661=FILL_AREA_STYLE_COLOUR('',#1690);
#1662=FILL_AREA_STYLE_COLOUR('',#1690);
#1663=FILL_AREA_STYLE_COLOUR('',#1690);
#1664=FILL_AREA_STYLE_COLOUR('',#1690);
#1665=FILL_AREA_STYLE_COLOUR('',#1690);
#1666=FILL_AREA_STYLE_COLOUR('',#1690);
#1667=FILL_AREA_STYLE_COLOUR('',#1690);
#1668=FILL_AREA_STYLE_COLOUR('',#1690);
#1669=FILL_AREA_STYLE_COLOUR('',#1690);
#1670=FILL_AREA_STYLE_COLOUR('',#1690);
#1671=FILL_AREA_STYLE_COLOUR('',#1690);
#1672=FILL_AREA_STYLE_COLOUR('',#1690);
#1673=FILL_AREA_STYLE_COLOUR('',#1690);
#1674=FILL_AREA_STYLE_COLOUR('',#1690);
#1675=FILL_AREA_STYLE_COLOUR('',#1690);
#1676=FILL_AREA_STYLE_COLOUR('',#1690);
#1677=FILL_AREA_STYLE_COLOUR('',#1690);
#1678=FILL_AREA_STYLE_COLOUR('',#1690);
#1679=FILL_AREA_STYLE_COLOUR('',#1690);
#1680=FILL_AREA_STYLE_COLOUR('',#1690);
#1681=FILL_AREA_STYLE_COLOUR('',#1690);
#1682=FILL_AREA_STYLE_COLOUR('',#1690);
#1683=FILL_AREA_STYLE_COLOUR('',#1690);
#1684=FILL_AREA_STYLE_COLOUR('',#1691);
#1685=FILL_AREA_STYLE_COLOUR('',#1688);
#1686=FILL_AREA_STYLE_COLOUR('',#1688);
#1687=FILL_AREA_STYLE_COLOUR('',#1688);
#1688=COLOUR_RGB('',0.87058824300766,0.633254885673523,0.172549024224281);
#1689=COLOUR_RGB('',0.949999988079071,0.949999988079071,0.949999988079071);
#1690=COLOUR_RGB('',0.819999992847443,0.819999992847443,0.819999992847443);
#1691=COLOUR_RGB('',0.645180702209473,0.678915679454803,0.699999988079071);
#1692=ADVANCED_FACE('',(#996),#1102,.F.);
#1693=ADVANCED_FACE('',(#997),#1103,.F.);
#1694=ADVANCED_FACE('',(#998),#1104,.F.);
#1695=ADVANCED_FACE('',(#999),#1105,.F.);
#1696=ADVANCED_FACE('',(#1000),#1106,.F.);
#1697=ADVANCED_FACE('',(#1001),#29,.F.);
#1698=ADVANCED_FACE('',(#1002),#1107,.T.);
#1699=ADVANCED_FACE('',(#1003),#1108,.T.);
#1700=ADVANCED_FACE('',(#1004),#30,.F.);
#1701=ADVANCED_FACE('',(#1005),#1109,.F.);
#1702=ADVANCED_FACE('',(#1006),#1110,.F.);
#1703=ADVANCED_FACE('',(#1007),#31,.F.);
#1704=ADVANCED_FACE('',(#1008),#1111,.T.);
#1705=ADVANCED_FACE('',(#1009),#1112,.T.);
#1706=ADVANCED_FACE('',(#1010),#32,.F.);
#1707=ADVANCED_FACE('',(#1011),#1113,.F.);
#1708=ADVANCED_FACE('',(#1012),#22,.T.);
#1709=ADVANCED_FACE('',(#1013),#23,.T.);
#1710=ADVANCED_FACE('',(#1014),#24,.T.);
#1711=ADVANCED_FACE('',(#1015),#25,.T.);
#1712=ADVANCED_FACE('',(#1016),#1114,.F.);
#1713=ADVANCED_FACE('',(#1017,#1018),#33,.F.);
#1714=ADVANCED_FACE('',(#1019,#1020),#1115,.F.);
#1715=ADVANCED_FACE('',(#1021,#1022),#34,.T.);
#1716=ADVANCED_FACE('',(#1023,#1024),#1116,.T.);
#1717=ADVANCED_FACE('',(#1025,#1026),#35,.T.);
#1718=ADVANCED_FACE('',(#1027),#1117,.F.);
#1719=ADVANCED_FACE('',(#1028),#1118,.F.);
#1720=ADVANCED_FACE('',(#1029),#36,.F.);
#1721=ADVANCED_FACE('',(#1030,#1031),#37,.T.);
#1722=ADVANCED_FACE('',(#1032),#38,.F.);
#1723=ADVANCED_FACE('',(#1033,#1034),#39,.T.);
#1724=ADVANCED_FACE('',(#1035,#1036),#1119,.F.);
#1725=ADVANCED_FACE('',(#1037,#1038),#26,.F.);
#1726=ADVANCED_FACE('',(#1039,#1040),#40,.F.);
#1727=ADVANCED_FACE('',(#1041,#1042),#1120,.F.);
#1728=ADVANCED_FACE('',(#1043,#1044),#27,.F.);
#1729=ADVANCED_FACE('',(#1045,#1046),#41,.T.);
#1730=ADVANCED_FACE('',(#1047),#1121,.F.);
#1731=ADVANCED_FACE('',(#1048),#1122,.F.);
#1732=ADVANCED_FACE('',(#1049),#1123,.F.);
#1733=ADVANCED_FACE('',(#1050),#20,.F.);
#1734=ADVANCED_FACE('',(#1051),#42,.F.);
#1735=ADVANCED_FACE('',(#1052,#1053),#1124,.F.);
#1736=ADVANCED_FACE('',(#1054),#21,.F.);
#1737=ADVANCED_FACE('',(#1055,#1056),#1125,.F.);
#1738=ADVANCED_FACE('',(#1057),#43,.F.);
#1739=ADVANCED_FACE('',(#1058),#1126,.F.);
#1740=ADVANCED_FACE('',(#1059,#1060),#44,.T.);
#1741=ADVANCED_FACE('',(#1061,#1062),#45,.T.);
#1742=ADVANCED_FACE('',(#1063,#1064),#46,.T.);
#1743=ADVANCED_FACE('',(#1065,#1066),#47,.T.);
#1744=ADVANCED_FACE('',(#1067,#1068),#48,.T.);
#1745=ADVANCED_FACE('',(#1069,#1070),#1127,.T.);
#1746=ADVANCED_FACE('',(#1071),#49,.T.);
#1747=ADVANCED_FACE('',(#1072),#1128,.T.);
#1748=ADVANCED_FACE('',(#1073,#1074),#1129,.T.);
#1749=ADVANCED_FACE('',(#1075),#50,.T.);
#1750=ADVANCED_FACE('',(#1076),#1130,.T.);
#1751=ADVANCED_FACE('',(#1077),#1131,.T.);
#1752=ADVANCED_FACE('',(#1078),#51,.T.);
#1753=ADVANCED_FACE('',(#1079,#1080),#1132,.T.);
#1754=ADVANCED_FACE('',(#1081),#52,.T.);
#1755=ADVANCED_FACE('',(#1082),#1133,.T.);
#1756=ADVANCED_FACE('',(#1083,#1084),#1134,.F.);
#1757=ADVANCED_FACE('',(#1085,#1086),#1135,.T.);
#1758=ADVANCED_FACE('',(#1087),#1136,.F.);
#1759=ADVANCED_FACE('',(#1088),#53,.T.);
#1760=ADVANCED_FACE('',(#1089),#1137,.F.);
#1761=ADVANCED_FACE('',(#1090),#54,.T.);
#1762=ADVANCED_FACE('',(#1091),#1138,.F.);
#1763=ADVANCED_FACE('',(#1092),#55,.T.);
#1764=ADVANCED_FACE('',(#1093),#1139,.F.);
#1765=ADVANCED_FACE('',(#1094),#56,.T.);
#1766=ADVANCED_FACE('',(#1095,#1096),#1140,.T.);
#1767=ADVANCED_FACE('',(#1097),#1141,.T.);
#1768=ADVANCED_FACE('',(#1098,#1099),#57,.T.);
#1769=ADVANCED_FACE('',(#1100,#1101),#28,.T.);
#1770=CLOSED_SHELL('',(#1692,#1693,#1694,#1695,#1696,#1697,#1698,#1699,
#1700,#1701,#1702,#1703,#1704,#1705,#1706,#1707,#1708,#1709,#1710,#1711,
#1712,#1713,#1714,#1715,#1716,#1717,#1718,#1719,#1720,#1721,#1722,#1723,
#1724,#1725,#1726,#1727,#1728,#1729,#1730,#1731,#1732,#1733,#1734,#1735,
#1736,#1737,#1738,#1739,#1740,#1741,#1742,#1743,#1744,#1745,#1746,#1747,
#1748,#1749,#1750,#1751,#1752,#1753,#1754,#1755,#1756,#1757,#1758,#1759,
#1760,#1761,#1762,#1763,#1764,#1765,#1766,#1767,#1768,#1769));
#1771=MANIFOLD_SOLID_BREP('60712002241507_Housing',#1770);
#1772=SHAPE_DEFINITION_REPRESENTATION(#2726,#1773);
#1773=SHAPE_REPRESENTATION('60712002241507',(#1774),#2721);
#1774=AXIS2_PLACEMENT_3D('',#2309,#1929,#1930);
#1775=AXIS2_PLACEMENT_3D('',#2310,#1931,#1932);
#1776=AXIS2_PLACEMENT_3D('',#2314,#1934,#1935);
#1777=AXIS2_PLACEMENT_3D('',#2318,#1937,#1938);
#1778=AXIS2_PLACEMENT_3D('',#2319,#1939,#1940);
#1779=AXIS2_PLACEMENT_3D('',#2323,#1942,#1943);
#1780=AXIS2_PLACEMENT_3D('',#2327,#1945,#1946);
#1781=AXIS2_PLACEMENT_3D('',#2328,#1947,#1948);
#1782=AXIS2_PLACEMENT_3D('',#2332,#1950,#1951);
#1783=AXIS2_PLACEMENT_3D('',#2336,#1953,#1954);
#1784=AXIS2_PLACEMENT_3D('',#2337,#1955,#1956);
#1785=AXIS2_PLACEMENT_3D('',#2341,#1958,#1959);
#1786=AXIS2_PLACEMENT_3D('',#2345,#1961,#1962);
#1787=AXIS2_PLACEMENT_3D('',#2346,#1963,#1964);
#1788=AXIS2_PLACEMENT_3D('',#2347,#1965,#1966);
#1789=AXIS2_PLACEMENT_3D('',#2355,#1968,#1969);
#1790=AXIS2_PLACEMENT_3D('',#2356,#1970,#1971);
#1791=AXIS2_PLACEMENT_3D('',#2358,#1972,#1973);
#1792=AXIS2_PLACEMENT_3D('',#2359,#1974,#1975);
#1793=AXIS2_PLACEMENT_3D('',#2366,#1977,#1978);
#1794=AXIS2_PLACEMENT_3D('',#2375,#1981,#1982);
#1795=AXIS2_PLACEMENT_3D('',#2376,#1983,#1984);
#1796=AXIS2_PLACEMENT_3D('',#2378,#1985,#1986);
#1797=AXIS2_PLACEMENT_3D('',#2379,#1987,#1988);
#1798=AXIS2_PLACEMENT_3D('',#2386,#1990,#1991);
#1799=AXIS2_PLACEMENT_3D('',#2387,#1992,#1993);
#1800=AXIS2_PLACEMENT_3D('',#2395,#1995,#1996);
#1801=AXIS2_PLACEMENT_3D('',#2396,#1997,#1998);
#1802=AXIS2_PLACEMENT_3D('',#2399,#2000,#2001);
#1803=AXIS2_PLACEMENT_3D('',#2406,#2003,#2004);
#1804=AXIS2_PLACEMENT_3D('',#2410,#2006,#2007);
#1805=AXIS2_PLACEMENT_3D('',#2415,#2008,#2009);
#1806=AXIS2_PLACEMENT_3D('',#2416,#2010,#2011);
#1807=AXIS2_PLACEMENT_3D('',#2418,#2012,#2013);
#1808=AXIS2_PLACEMENT_3D('',#2419,#2014,#2015);
#1809=AXIS2_PLACEMENT_3D('',#2426,#2017,#2018);
#1810=AXIS2_PLACEMENT_3D('',#2427,#2019,#2020);
#1811=AXIS2_PLACEMENT_3D('',#2428,#2021,#2022);
#1812=AXIS2_PLACEMENT_3D('',#2429,#2023,#2024);
#1813=AXIS2_PLACEMENT_3D('',#2430,#2025,#2026);
#1814=AXIS2_PLACEMENT_3D('',#2431,#2027,#2028);
#1815=AXIS2_PLACEMENT_3D('',#2432,#2029,#2030);
#1816=AXIS2_PLACEMENT_3D('',#2433,#2031,#2032);
#1817=AXIS2_PLACEMENT_3D('',#2434,#2033,#2034);
#1818=AXIS2_PLACEMENT_3D('',#2435,#2035,#2036);
#1819=AXIS2_PLACEMENT_3D('',#2436,#2037,#2038);
#1820=AXIS2_PLACEMENT_3D('',#2437,#2039,#2040);
#1821=AXIS2_PLACEMENT_3D('',#2438,#2041,#2042);
#1822=AXIS2_PLACEMENT_3D('',#2439,#2043,#2044);
#1823=AXIS2_PLACEMENT_3D('',#2440,#2045,#2046);
#1824=AXIS2_PLACEMENT_3D('',#2442,#2047,#2048);
#1825=AXIS2_PLACEMENT_3D('',#2443,#2049,#2050);
#1826=AXIS2_PLACEMENT_3D('',#2445,#2051,#2052);
#1827=AXIS2_PLACEMENT_3D('',#2446,#2053,#2054);
#1828=AXIS2_PLACEMENT_3D('',#2448,#2055,#2056);
#1829=AXIS2_PLACEMENT_3D('',#2449,#2057,#2058);
#1830=AXIS2_PLACEMENT_3D('',#2451,#2059,#2060);
#1831=AXIS2_PLACEMENT_3D('',#2452,#2061,#2062);
#1832=AXIS2_PLACEMENT_3D('',#2454,#2063,#2064);
#1833=AXIS2_PLACEMENT_3D('',#2455,#2065,#2066);
#1834=AXIS2_PLACEMENT_3D('',#2457,#2067,#2068);
#1835=AXIS2_PLACEMENT_3D('',#2458,#2069,#2070);
#1836=AXIS2_PLACEMENT_3D('',#2460,#2071,#2072);
#1837=AXIS2_PLACEMENT_3D('',#2461,#2073,#2074);
#1838=AXIS2_PLACEMENT_3D('',#2469,#2075,#2076);
#1839=AXIS2_PLACEMENT_3D('',#2470,#2077,#2078);
#1840=AXIS2_PLACEMENT_3D('',#2472,#2079,#2080);
#1841=AXIS2_PLACEMENT_3D('',#2473,#2081,#2082);
#1842=AXIS2_PLACEMENT_3D('',#2481,#2083,#2084);
#1843=AXIS2_PLACEMENT_3D('',#2482,#2085,#2086);
#1844=AXIS2_PLACEMENT_3D('',#2486,#2088,#2089);
#1845=AXIS2_PLACEMENT_3D('',#2491,#2092,#2093);
#1846=AXIS2_PLACEMENT_3D('',#2494,#2095,#2096);
#1847=AXIS2_PLACEMENT_3D('',#2495,#2097,#2098);
#1848=AXIS2_PLACEMENT_3D('',#2497,#2099,#2100);
#1849=AXIS2_PLACEMENT_3D('',#2498,#2101,#2102);
#1850=AXIS2_PLACEMENT_3D('',#2500,#2103,#2104);
#1851=AXIS2_PLACEMENT_3D('',#2501,#2105,#2106);
#1852=AXIS2_PLACEMENT_3D('',#2503,#2107,#2108);
#1853=AXIS2_PLACEMENT_3D('',#2504,#2109,#2110);
#1854=AXIS2_PLACEMENT_3D('',#2506,#2111,#2112);
#1855=AXIS2_PLACEMENT_3D('',#2507,#2113,#2114);
#1856=AXIS2_PLACEMENT_3D('',#2508,#2115,#2116);
#1857=AXIS2_PLACEMENT_3D('',#2510,#2117,#2118);
#1858=AXIS2_PLACEMENT_3D('',#2511,#2119,#2120);
#1859=AXIS2_PLACEMENT_3D('',#2513,#2121,#2122);
#1860=AXIS2_PLACEMENT_3D('',#2514,#2123,#2124);
#1861=AXIS2_PLACEMENT_3D('',#2516,#2125,#2126);
#1862=AXIS2_PLACEMENT_3D('',#2517,#2127,#2128);
#1863=AXIS2_PLACEMENT_3D('',#2519,#2129,#2130);
#1864=AXIS2_PLACEMENT_3D('',#2526,#2131,#2132);
#1865=AXIS2_PLACEMENT_3D('',#2533,#2133,#2134);
#1866=AXIS2_PLACEMENT_3D('',#2534,#2135,#2136);
#1867=AXIS2_PLACEMENT_3D('',#2542,#2137,#2138);
#1868=AXIS2_PLACEMENT_3D('',#2551,#2141,#2142);
#1869=AXIS2_PLACEMENT_3D('',#2558,#2143,#2144);
#1870=AXIS2_PLACEMENT_3D('',#2559,#2145,#2146);
#1871=AXIS2_PLACEMENT_3D('',#2562,#2148,#2149);
#1872=AXIS2_PLACEMENT_3D('',#2565,#2151,#2152);
#1873=AXIS2_PLACEMENT_3D('',#2571,#2153,#2154);
#1874=AXIS2_PLACEMENT_3D('',#2572,#2155,#2156);
#1875=AXIS2_PLACEMENT_3D('',#2574,#2157,#2158);
#1876=AXIS2_PLACEMENT_3D('',#2575,#2159,#2160);
#1877=AXIS2_PLACEMENT_3D('',#2577,#2161,#2162);
#1878=AXIS2_PLACEMENT_3D('',#2578,#2163,#2164);
#1879=AXIS2_PLACEMENT_3D('',#2580,#2165,#2166);
#1880=AXIS2_PLACEMENT_3D('',#2581,#2167,#2168);
#1881=AXIS2_PLACEMENT_3D('',#2583,#2169,#2170);
#1882=AXIS2_PLACEMENT_3D('',#2584,#2171,#2172);
#1883=AXIS2_PLACEMENT_3D('',#2586,#2173,#2174);
#1884=AXIS2_PLACEMENT_3D('',#2587,#2175,#2176);
#1885=AXIS2_PLACEMENT_3D('',#2589,#2177,#2178);
#1886=AXIS2_PLACEMENT_3D('',#2590,#2179,#2180);
#1887=AXIS2_PLACEMENT_3D('',#2595,#2182,#2183);
#1888=AXIS2_PLACEMENT_3D('',#2598,#2185,#2186);
#1889=AXIS2_PLACEMENT_3D('',#2599,#2187,#2188);
#1890=AXIS2_PLACEMENT_3D('',#2604,#2191,#2192);
#1891=AXIS2_PLACEMENT_3D('',#2608,#2195,#2196);
#1892=AXIS2_PLACEMENT_3D('',#2609,#2197,#2198);
#1893=AXIS2_PLACEMENT_3D('',#2614,#2200,#2201);
#1894=AXIS2_PLACEMENT_3D('',#2617,#2203,#2204);
#1895=AXIS2_PLACEMENT_3D('',#2618,#2205,#2206);
#1896=AXIS2_PLACEMENT_3D('',#2623,#2209,#2210);
#1897=AXIS2_PLACEMENT_3D('',#2627,#2213,#2214);
#1898=AXIS2_PLACEMENT_3D('',#2628,#2215,#2216);
#1899=AXIS2_PLACEMENT_3D('',#2634,#2219,#2220);
#1900=AXIS2_PLACEMENT_3D('',#2637,#2222,#2223);
#1901=AXIS2_PLACEMENT_3D('',#2640,#2225,#2226);
#1902=AXIS2_PLACEMENT_3D('',#2641,#2227,#2228);
#1903=AXIS2_PLACEMENT_3D('',#2646,#2230,#2231);
#1904=AXIS2_PLACEMENT_3D('',#2649,#2233,#2234);
#1905=AXIS2_PLACEMENT_3D('',#2650,#2235,#2236);
#1906=AXIS2_PLACEMENT_3D('',#2655,#2239,#2240);
#1907=AXIS2_PLACEMENT_3D('',#2659,#2243,#2244);
#1908=AXIS2_PLACEMENT_3D('',#2668,#2249,#2250);
#1909=AXIS2_PLACEMENT_3D('',#2671,#2252,#2253);
#1910=AXIS2_PLACEMENT_3D('',#2674,#2255,#2256);
#1911=AXIS2_PLACEMENT_3D('',#2682,#2262,#2263);
#1912=AXIS2_PLACEMENT_3D('',#2683,#2264,#2265);
#1913=AXIS2_PLACEMENT_3D('',#2686,#2267,#2268);
#1914=AXIS2_PLACEMENT_3D('',#2691,#2272,#2273);
#1915=AXIS2_PLACEMENT_3D('',#2692,#2274,#2275);
#1916=AXIS2_PLACEMENT_3D('',#2695,#2277,#2278);
#1917=AXIS2_PLACEMENT_3D('',#2700,#2282,#2283);
#1918=AXIS2_PLACEMENT_3D('',#2701,#2284,#2285);
#1919=AXIS2_PLACEMENT_3D('',#2704,#2287,#2288);
#1920=AXIS2_PLACEMENT_3D('',#2708,#2291,#2292);
#1921=AXIS2_PLACEMENT_3D('',#2709,#2293,#2294);
#1922=AXIS2_PLACEMENT_3D('',#2710,#2295,#2296);
#1923=AXIS2_PLACEMENT_3D('',#2711,#2297,#2298);
#1924=AXIS2_PLACEMENT_3D('',#2713,#2299,#2300);
#1925=AXIS2_PLACEMENT_3D('',#2714,#2301,#2302);
#1926=AXIS2_PLACEMENT_3D('',#2716,#2303,#2304);
#1927=AXIS2_PLACEMENT_3D('',#2717,#2305,#2306);
#1928=AXIS2_PLACEMENT_3D('',#2719,#2307,#2308);
#1929=DIRECTION('',(0.,0.,1.));
#1930=DIRECTION('',(1.,0.,0.));
#1931=DIRECTION('',(0.,1.11022302462516E-16,-1.));
#1932=DIRECTION('',(1.11022302462516E-16,1.,1.11022302462516E-16));
#1933=DIRECTION('',(-1.11022302462516E-16,-1.,-1.11022302462516E-16));
#1934=DIRECTION('',(0.,1.11022302462516E-16,-1.));
#1935=DIRECTION('',(1.11022302462516E-16,1.,1.11022302462516E-16));
#1936=DIRECTION('',(1.,1.11022302462516E-16,1.23259516440783E-32));
#1937=DIRECTION('',(0.,-1.11022302462516E-16,1.));
#1938=DIRECTION('',(-1.11022302462516E-16,-1.,-1.11022302462516E-16));
#1939=DIRECTION('',(0.,1.11022302462516E-16,-1.));
#1940=DIRECTION('',(1.11022302462516E-16,1.,1.11022302462516E-16));
#1941=DIRECTION('',(1.,1.11022302462516E-16,1.23259516440783E-32));
#1942=DIRECTION('',(0.,1.11022302462516E-16,-1.));
#1943=DIRECTION('',(1.11022302462516E-16,1.,1.11022302462516E-16));
#1944=DIRECTION('',(-1.11022302462516E-16,-1.,-1.11022302462516E-16));
#1945=DIRECTION('',(0.,-1.11022302462516E-16,1.));
#1946=DIRECTION('',(-1.11022302462516E-16,-1.,-1.11022302462516E-16));
#1947=DIRECTION('',(0.,1.11022302462516E-16,-1.));
#1948=DIRECTION('',(1.11022302462516E-16,1.,1.11022302462516E-16));
#1949=DIRECTION('',(-1.11022302462516E-16,-1.,-1.11022302462516E-16));
#1950=DIRECTION('',(0.,1.11022302462516E-16,-1.));
#1951=DIRECTION('',(1.11022302462516E-16,1.,1.11022302462516E-16));
#1952=DIRECTION('',(1.,1.11022302462516E-16,1.23259516440783E-32));
#1953=DIRECTION('',(0.,-1.11022302462516E-16,1.));
#1954=DIRECTION('',(-1.11022302462516E-16,-1.,-1.11022302462516E-16));
#1955=DIRECTION('',(0.,1.11022302462516E-16,-1.));
#1956=DIRECTION('',(1.11022302462516E-16,1.,1.11022302462516E-16));
#1957=DIRECTION('',(1.,1.11022302462516E-16,1.23259516440783E-32));
#1958=DIRECTION('',(0.,1.11022302462516E-16,-1.));
#1959=DIRECTION('',(1.11022302462516E-16,1.,1.11022302462516E-16));
#1960=DIRECTION('',(-1.11022302462516E-16,-1.,-1.11022302462516E-16));
#1961=DIRECTION('',(0.,-1.11022302462516E-16,1.));
#1962=DIRECTION('',(-1.11022302462516E-16,-1.,-1.11022302462516E-16));
#1963=DIRECTION('',(-1.10995301050916E-16,-0.999756792905565,0.0220534586670356));
#1964=DIRECTION('',(-2.44842575847623E-18,-0.0220534586670356,-0.999756792905565));
#1965=DIRECTION('',(-1.10995301050916E-16,-0.999756792905565,0.0220534586670356));
#1966=DIRECTION('',(2.44842575847623E-18,0.0220534586670356,0.999756792905565));
#1967=DIRECTION('',(1.,1.11022302462516E-16,1.23259516440783E-32));
#1968=DIRECTION('',(0.,-1.11022302462516E-16,1.));
#1969=DIRECTION('',(-1.11022302462516E-16,-1.,-1.11022302462516E-16));
#1970=DIRECTION('',(0.,1.11022302462516E-16,-1.));
#1971=DIRECTION('',(1.11022302462516E-16,1.,1.11022302462516E-16));
#1972=DIRECTION('',(-0.999028234937562,-1.06021131858956E-16,-0.0440747750707743));
#1973=DIRECTION('',(-0.0440747750707743,-1.15807697876706E-16,0.999028234937562));
#1974=DIRECTION('',(-0.999028234937562,-1.06021131858956E-16,-0.0440747750707743));
#1975=DIRECTION('',(-0.0440747750707743,-1.15807697876706E-16,0.999028234937562));
#1976=DIRECTION('',(-1.11022302462516E-16,-1.,-1.11022302462516E-16));
#1977=DIRECTION('',(1.,1.11022302462516E-16,-1.27553196763001E-16));
#1978=DIRECTION('',(-1.27553196763001E-16,1.11022302462516E-16,-1.));
#1979=DIRECTION('',(-1.11022302462516E-16,-1.,-1.11022302462516E-16));
#1980=DIRECTION('',(0.,-1.11022302462516E-16,1.));
#1981=DIRECTION('',(0.,-1.11022302462516E-16,1.));
#1982=DIRECTION('',(-1.11022302462516E-16,-1.,-1.11022302462516E-16));
#1983=DIRECTION('',(-1.10995301050916E-16,-0.999756792905565,0.0220534586670356));
#1984=DIRECTION('',(2.44842575847623E-18,0.0220534586670356,0.999756792905565));
#1985=DIRECTION('',(0.,1.11022302462516E-16,-1.));
#1986=DIRECTION('',(1.11022302462516E-16,1.,1.11022302462516E-16));
#1987=DIRECTION('',(-1.10995301050916E-16,-0.999756792905565,0.0220534586670356));
#1988=DIRECTION('',(-2.44842575847623E-18,-0.0220534586670356,-0.999756792905565));
#1989=DIRECTION('',(1.,1.11022302462516E-16,1.23259516440783E-32));
#1990=DIRECTION('',(1.10995301050916E-16,0.999756792905565,0.0220534586670338));
#1991=DIRECTION('',(-2.448425758476E-18,-0.0220534586670338,0.999756792905565));
#1992=DIRECTION('',(1.10995301050916E-16,0.999756792905565,0.0220534586670338));
#1993=DIRECTION('',(-2.448425758476E-18,-0.0220534586670338,0.999756792905565));
#1994=DIRECTION('',(1.,1.11022302462516E-16,1.23259516440783E-32));
#1995=DIRECTION('',(0.,-1.11022302462516E-16,1.));
#1996=DIRECTION('',(-1.11022302462516E-16,-1.,-1.11022302462516E-16));
#1997=DIRECTION('',(0.,1.11022302462516E-16,-1.));
#1998=DIRECTION('',(1.11022302462516E-16,1.,1.11022302462516E-16));
#1999=DIRECTION('',(0.,-1.11022302462516E-16,1.));
#2000=DIRECTION('',(1.,1.11022302462516E-16,-1.27553196763001E-16));
#2001=DIRECTION('',(-1.27553196763001E-16,1.11022302462516E-16,-1.));
#2002=DIRECTION('',(-1.11022302462516E-16,-1.,-1.11022302462516E-16));
#2003=DIRECTION('',(-0.999028234937562,-1.06021131858956E-16,-0.0440747750707743));
#2004=DIRECTION('',(-0.0440747750707743,-1.15807697876706E-16,0.999028234937562));
#2005=DIRECTION('',(-1.11022302462516E-16,-1.,-1.11022302462516E-16));
#2006=DIRECTION('',(-0.999028234937562,-1.06021131858956E-16,-0.0440747750707743));
#2007=DIRECTION('',(-0.0440747750707743,-1.15807697876706E-16,0.999028234937562));
#2008=DIRECTION('',(0.,-1.11022302462516E-16,1.));
#2009=DIRECTION('',(-1.11022302462516E-16,-1.,-1.11022302462516E-16));
#2010=DIRECTION('',(1.10995301050916E-16,0.999756792905565,0.0220534586670338));
#2011=DIRECTION('',(-2.448425758476E-18,-0.0220534586670338,0.999756792905565));
#2012=DIRECTION('',(0.,1.11022302462516E-16,-1.));
#2013=DIRECTION('',(1.11022302462516E-16,1.,1.11022302462516E-16));
#2014=DIRECTION('',(1.10995301050916E-16,0.999756792905565,0.0220534586670338));
#2015=DIRECTION('',(-2.448425758476E-18,-0.0220534586670338,0.999756792905565));
#2016=DIRECTION('',(1.,1.11022302462516E-16,1.23259516440783E-32));
#2017=DIRECTION('',(0.,1.11022302462516E-16,-1.));
#2018=DIRECTION('',(1.11022302462516E-16,1.,1.11022302462516E-16));
#2019=DIRECTION('',(0.,1.11022302462516E-16,-1.));
#2020=DIRECTION('',(0.,1.,1.11022302462516E-16));
#2021=DIRECTION('',(0.,1.11022302462516E-16,-1.));
#2022=DIRECTION('',(1.11022302462516E-16,1.,1.11022302462516E-16));
#2023=DIRECTION('',(0.,1.11022302462516E-16,-1.));
#2024=DIRECTION('',(0.,1.,1.11022302462516E-16));
#2025=DIRECTION('',(0.,1.11022302462516E-16,-1.));
#2026=DIRECTION('',(1.11022302462516E-16,1.,1.11022302462516E-16));
#2027=DIRECTION('',(0.,1.11022302462516E-16,-1.));
#2028=DIRECTION('',(0.,1.,1.11022302462516E-16));
#2029=DIRECTION('',(0.,1.11022302462516E-16,-1.));
#2030=DIRECTION('',(1.11022302462516E-16,1.,1.11022302462516E-16));
#2031=DIRECTION('',(0.,1.11022302462516E-16,-1.));
#2032=DIRECTION('',(0.,1.,1.11022302462516E-16));
#2033=DIRECTION('',(0.,1.11022302462516E-16,-1.));
#2034=DIRECTION('',(1.11022302462516E-16,1.,1.11022302462516E-16));
#2035=DIRECTION('',(0.,1.11022302462516E-16,-1.));
#2036=DIRECTION('',(0.,1.,1.11022302462516E-16));
#2037=DIRECTION('',(0.,1.11022302462516E-16,-1.));
#2038=DIRECTION('',(0.,1.,1.11022302462516E-16));
#2039=DIRECTION('',(0.,1.11022302462516E-16,-1.));
#2040=DIRECTION('',(0.,1.,1.11022302462516E-16));
#2041=DIRECTION('',(0.,1.11022302462516E-16,-1.));
#2042=DIRECTION('',(0.,1.,1.11022302462516E-16));
#2043=DIRECTION('',(0.,0.,1.));
#2044=DIRECTION('',(1.,0.,0.));
#2045=DIRECTION('',(0.,0.,-1.));
#2046=DIRECTION('',(0.,-1.,0.));
#2047=DIRECTION('',(0.,0.,-1.));
#2048=DIRECTION('',(-1.,0.,0.));
#2049=DIRECTION('',(0.,0.,-1.));
#2050=DIRECTION('',(1.,0.,0.));
#2051=DIRECTION('',(0.,0.,-1.));
#2052=DIRECTION('',(-1.,0.,0.));
#2053=DIRECTION('',(0.,0.,-1.));
#2054=DIRECTION('',(1.,0.,0.));
#2055=DIRECTION('',(0.,0.,1.));
#2056=DIRECTION('',(1.,0.,0.));
#2057=DIRECTION('',(0.,0.,1.));
#2058=DIRECTION('',(0.,1.,0.));
#2059=DIRECTION('',(0.,0.,1.));
#2060=DIRECTION('',(1.,0.,0.));
#2061=DIRECTION('',(0.,0.,-1.));
#2062=DIRECTION('',(-1.,0.,0.));
#2063=DIRECTION('',(0.,-1.,0.));
#2064=DIRECTION('',(0.,0.,-1.));
#2065=DIRECTION('',(0.,-1.,0.));
#2066=DIRECTION('',(0.,0.,-1.));
#2067=DIRECTION('',(0.,1.,0.));
#2068=DIRECTION('',(0.,0.,-1.));
#2069=DIRECTION('',(0.,-1.,0.));
#2070=DIRECTION('',(0.,0.,-1.));
#2071=DIRECTION('',(0.,1.,0.));
#2072=DIRECTION('',(0.,0.,1.));
#2073=DIRECTION('',(0.,-1.,0.));
#2074=DIRECTION('',(-1.,0.,0.));
#2075=DIRECTION('',(0.,-1.,0.));
#2076=DIRECTION('',(0.,0.,-1.));
#2077=DIRECTION('',(0.,-1.,0.));
#2078=DIRECTION('',(0.,0.,-1.));
#2079=DIRECTION('',(0.,-1.,0.));
#2080=DIRECTION('',(0.,0.,1.));
#2081=DIRECTION('',(0.,-1.,0.));
#2082=DIRECTION('',(-1.,0.,0.));
#2083=DIRECTION('',(0.,0.,-1.));
#2084=DIRECTION('',(-1.,0.,0.));
#2085=DIRECTION('',(0.,0.,-1.));
#2086=DIRECTION('',(1.,0.,0.));
#2087=DIRECTION('',(0.,0.,-1.));
#2088=DIRECTION('',(0.,0.,1.));
#2089=DIRECTION('',(1.,0.,0.));
#2090=DIRECTION('',(0.,0.,-1.));
#2091=DIRECTION('',(0.,0.,-1.));
#2092=DIRECTION('',(0.,0.,1.));
#2093=DIRECTION('',(1.,0.,0.));
#2094=DIRECTION('',(0.,0.,-1.));
#2095=DIRECTION('',(0.,0.,-1.));
#2096=DIRECTION('',(-1.,0.,0.));
#2097=DIRECTION('',(0.,0.,-1.));
#2098=DIRECTION('',(-1.,0.,0.));
#2099=DIRECTION('',(0.,0.,1.));
#2100=DIRECTION('',(1.,0.,0.));
#2101=DIRECTION('',(0.,0.,-1.));
#2102=DIRECTION('',(-1.,0.,0.));
#2103=DIRECTION('',(0.,0.,1.));
#2104=DIRECTION('',(1.,0.,0.));
#2105=DIRECTION('',(0.,0.,-1.));
#2106=DIRECTION('',(1.,0.,0.));
#2107=DIRECTION('',(0.,0.,-1.));
#2108=DIRECTION('',(-1.,0.,0.));
#2109=DIRECTION('',(0.,0.,-1.));
#2110=DIRECTION('',(-1.,0.,0.));
#2111=DIRECTION('',(0.,0.,1.));
#2112=DIRECTION('',(1.,0.,0.));
#2113=DIRECTION('',(0.,1.,0.));
#2114=DIRECTION('',(0.,0.,-1.));
#2115=DIRECTION('',(0.,-1.,0.));
#2116=DIRECTION('',(0.,0.,-1.));
#2117=DIRECTION('',(0.,0.,1.));
#2118=DIRECTION('',(1.,0.,0.));
#2119=DIRECTION('',(0.,0.,1.));
#2120=DIRECTION('',(0.,-1.,0.));
#2121=DIRECTION('',(0.,0.,1.));
#2122=DIRECTION('',(1.,0.,0.));
#2123=DIRECTION('',(0.,0.,1.));
#2124=DIRECTION('',(0.,-1.,0.));
#2125=DIRECTION('',(0.,0.,1.));
#2126=DIRECTION('',(1.,0.,0.));
#2127=DIRECTION('',(0.,0.,1.));
#2128=DIRECTION('',(0.,-1.,0.));
#2129=DIRECTION('',(0.,0.,1.));
#2130=DIRECTION('',(1.,0.,0.));
#2131=DIRECTION('',(0.,0.,1.));
#2132=DIRECTION('',(1.,0.,0.));
#2133=DIRECTION('',(0.,1.,0.));
#2134=DIRECTION('',(0.,0.,1.));
#2135=DIRECTION('',(0.,-1.,0.));
#2136=DIRECTION('',(-1.,0.,0.));
#2137=DIRECTION('',(0.,-1.,0.));
#2138=DIRECTION('',(0.,0.,-1.));
#2139=DIRECTION('',(0.,0.,-1.));
#2140=DIRECTION('',(0.,0.,-1.));
#2141=DIRECTION('',(0.,0.,1.));
#2142=DIRECTION('',(1.,0.,0.));
#2143=DIRECTION('',(0.,0.,1.));
#2144=DIRECTION('',(1.,0.,0.));
#2145=DIRECTION('',(0.,1.,0.));
#2146=DIRECTION('',(0.,0.,-1.));
#2147=DIRECTION('',(0.,0.,-1.));
#2148=DIRECTION('',(0.,-1.,0.));
#2149=DIRECTION('',(-1.,0.,0.));
#2150=DIRECTION('',(0.,0.,-1.));
#2151=DIRECTION('',(0.,-1.,0.));
#2152=DIRECTION('',(0.,0.,1.));
#2153=DIRECTION('',(0.,0.,1.));
#2154=DIRECTION('',(1.,0.,0.));
#2155=DIRECTION('',(0.,0.,1.));
#2156=DIRECTION('',(0.,-1.,0.));
#2157=DIRECTION('',(0.,0.,1.));
#2158=DIRECTION('',(1.,0.,0.));
#2159=DIRECTION('',(0.,0.,-1.));
#2160=DIRECTION('',(-1.,0.,0.));
#2161=DIRECTION('',(0.,0.,1.));
#2162=DIRECTION('',(1.,0.,0.));
#2163=DIRECTION('',(0.,0.,-1.));
#2164=DIRECTION('',(-1.,0.,0.));
#2165=DIRECTION('',(0.,0.,1.));
#2166=DIRECTION('',(1.,0.,0.));
#2167=DIRECTION('',(0.,0.,-1.));
#2168=DIRECTION('',(-1.,0.,0.));
#2169=DIRECTION('',(0.,0.,-1.));
#2170=DIRECTION('',(-1.,0.,0.));
#2171=DIRECTION('',(0.,0.,-1.));
#2172=DIRECTION('',(1.,0.,0.));
#2173=DIRECTION('',(0.,0.,1.));
#2174=DIRECTION('',(1.,0.,0.));
#2175=DIRECTION('',(0.,0.,-1.));
#2176=DIRECTION('',(-1.,0.,0.));
#2177=DIRECTION('',(0.,0.,-1.));
#2178=DIRECTION('',(-1.,0.,0.));
#2179=DIRECTION('',(0.,0.,-1.));
#2180=DIRECTION('',(0.,-1.,0.));
#2181=DIRECTION('',(1.,0.,0.));
#2182=DIRECTION('',(0.,0.,-1.));
#2183=DIRECTION('',(0.,1.,0.));
#2184=DIRECTION('',(0.,1.,0.));
#2185=DIRECTION('',(0.,0.,1.));
#2186=DIRECTION('',(1.,0.,0.));
#2187=DIRECTION('',(0.,0.,-1.));
#2188=DIRECTION('',(0.,-1.,0.));
#2189=DIRECTION('',(0.,0.,1.));
#2190=DIRECTION('',(0.,0.,1.));
#2191=DIRECTION('',(0.,0.,-1.));
#2192=DIRECTION('',(-1.,0.,0.));
#2193=DIRECTION('',(0.,1.,0.));
#2194=DIRECTION('',(1.,0.,0.));
#2195=DIRECTION('',(0.,0.,-1.));
#2196=DIRECTION('',(-1.,0.,0.));
#2197=DIRECTION('',(0.,0.,-1.));
#2198=DIRECTION('',(0.,-1.,0.));
#2199=DIRECTION('',(0.,1.,0.));
#2200=DIRECTION('',(0.,0.,-1.));
#2201=DIRECTION('',(0.,-1.,0.));
#2202=DIRECTION('',(-1.,0.,0.));
#2203=DIRECTION('',(0.,0.,1.));
#2204=DIRECTION('',(1.,0.,0.));
#2205=DIRECTION('',(0.,0.,-1.));
#2206=DIRECTION('',(0.,-1.,0.));
#2207=DIRECTION('',(0.,0.,1.));
#2208=DIRECTION('',(0.,0.,1.));
#2209=DIRECTION('',(0.,0.,-1.));
#2210=DIRECTION('',(-1.,0.,0.));
#2211=DIRECTION('',(-1.,0.,0.));
#2212=DIRECTION('',(0.,1.,0.));
#2213=DIRECTION('',(0.,0.,-1.));
#2214=DIRECTION('',(-1.,0.,0.));
#2215=DIRECTION('',(0.,0.,-1.));
#2216=DIRECTION('',(0.,-1.,0.));
#2217=DIRECTION('',(1.,0.,0.));
#2218=DIRECTION('',(0.,-1.,0.));
#2219=DIRECTION('',(0.,0.,1.));
#2220=DIRECTION('',(1.,0.,0.));
#2221=DIRECTION('',(0.,0.,1.));
#2222=DIRECTION('',(0.,0.,-1.));
#2223=DIRECTION('',(0.,-1.,0.));
#2224=DIRECTION('',(0.,0.,1.));
#2225=DIRECTION('',(0.,0.,-1.));
#2226=DIRECTION('',(-1.,0.,0.));
#2227=DIRECTION('',(0.,0.,-1.));
#2228=DIRECTION('',(0.,-1.,0.));
#2229=DIRECTION('',(-1.,0.,0.));
#2230=DIRECTION('',(0.,0.,-1.));
#2231=DIRECTION('',(0.,-1.,0.));
#2232=DIRECTION('',(0.,-1.,0.));
#2233=DIRECTION('',(0.,0.,1.));
#2234=DIRECTION('',(1.,0.,0.));
#2235=DIRECTION('',(0.,0.,-1.));
#2236=DIRECTION('',(0.,-1.,0.));
#2237=DIRECTION('',(0.,0.,1.));
#2238=DIRECTION('',(0.,0.,1.));
#2239=DIRECTION('',(0.,0.,-1.));
#2240=DIRECTION('',(-1.,0.,0.));
#2241=DIRECTION('',(0.,-1.,0.));
#2242=DIRECTION('',(-1.,0.,0.));
#2243=DIRECTION('',(0.,0.,-1.));
#2244=DIRECTION('',(-1.,0.,0.));
#2245=DIRECTION('',(1.,0.,0.));
#2246=DIRECTION('',(0.,1.,0.));
#2247=DIRECTION('',(-1.,0.,0.));
#2248=DIRECTION('',(0.,-1.,0.));
#2249=DIRECTION('',(0.,0.,-1.));
#2250=DIRECTION('',(-1.,0.,0.));
#2251=DIRECTION('',(0.,-1.,0.));
#2252=DIRECTION('',(0.,0.,-1.));
#2253=DIRECTION('',(0.,1.,0.));
#2254=DIRECTION('',(1.,0.,0.));
#2255=DIRECTION('',(0.,-1.,0.));
#2256=DIRECTION('',(0.,0.,-1.));
#2257=DIRECTION('',(0.,0.,1.));
#2258=DIRECTION('',(0.,0.,1.));
#2259=DIRECTION('',(1.,0.,0.));
#2260=DIRECTION('',(0.,0.,1.));
#2261=DIRECTION('',(0.,0.,1.));
#2262=DIRECTION('',(0.,0.,1.));
#2263=DIRECTION('',(1.,0.,0.));
#2264=DIRECTION('',(0.,0.,-1.));
#2265=DIRECTION('',(0.,1.,0.));
#2266=DIRECTION('',(0.,0.,1.));
#2267=DIRECTION('',(1.,0.,0.));
#2268=DIRECTION('',(0.,0.,-1.));
#2269=DIRECTION('',(0.,1.,0.));
#2270=DIRECTION('',(0.,0.,1.));
#2271=DIRECTION('',(0.,0.,1.));
#2272=DIRECTION('',(0.,0.,1.));
#2273=DIRECTION('',(1.,0.,0.));
#2274=DIRECTION('',(0.,0.,-1.));
#2275=DIRECTION('',(0.,-1.,0.));
#2276=DIRECTION('',(0.,0.,1.));
#2277=DIRECTION('',(0.,1.,0.));
#2278=DIRECTION('',(0.,0.,1.));
#2279=DIRECTION('',(-1.,0.,0.));
#2280=DIRECTION('',(0.,0.,1.));
#2281=DIRECTION('',(0.,0.,1.));
#2282=DIRECTION('',(0.,0.,1.));
#2283=DIRECTION('',(1.,0.,0.));
#2284=DIRECTION('',(0.,0.,-1.));
#2285=DIRECTION('',(0.,-1.,0.));
#2286=DIRECTION('',(0.,0.,1.));
#2287=DIRECTION('',(-1.,0.,0.));
#2288=DIRECTION('',(0.,0.,1.));
#2289=DIRECTION('',(0.,-1.,0.));
#2290=DIRECTION('',(0.,0.,1.));
#2291=DIRECTION('',(0.,0.,1.));
#2292=DIRECTION('',(1.,0.,0.));
#2293=DIRECTION('',(0.,0.,-1.));
#2294=DIRECTION('',(0.,1.,0.));
#2295=DIRECTION('',(0.,0.,-1.));
#2296=DIRECTION('',(-1.,0.,0.));
#2297=DIRECTION('',(0.,1.11022302462516E-16,-1.));
#2298=DIRECTION('',(1.,1.11022302462516E-16,1.23259516440783E-32));
#2299=DIRECTION('',(0.,1.11022302462516E-16,-1.));
#2300=DIRECTION('',(1.11022302462516E-16,1.,1.11022302462516E-16));
#2301=DIRECTION('',(0.,1.11022302462516E-16,-1.));
#2302=DIRECTION('',(1.11022302462516E-16,1.,1.11022302462516E-16));
#2303=DIRECTION('',(0.,-1.11022302462516E-16,1.));
#2304=DIRECTION('',(-1.11022302462516E-16,-1.,-1.11022302462516E-16));
#2305=DIRECTION('',(0.,1.11022302462516E-16,-1.));
#2306=DIRECTION('',(1.11022302462516E-16,1.,1.11022302462516E-16));
#2307=DIRECTION('',(0.,-1.11022302462516E-16,1.));
#2308=DIRECTION('',(-1.11022302462516E-16,-1.,-1.11022302462516E-16));
#2309=CARTESIAN_POINT('',(0.,0.,0.));
#2310=CARTESIAN_POINT('',(-3.22475681045538E-32,-1.61759494687885E-15,2.15));
#2311=CARTESIAN_POINT('',(-0.0499999999999986,2.73494511735406,2.15));
#2312=CARTESIAN_POINT('',(-0.0499999999999988,0.848528137423855,2.15));
#2313=CARTESIAN_POINT('',(-0.0499999999999988,0.597913037155068,2.15));
#2314=CARTESIAN_POINT('',(-2.40741243048405E-32,-1.54397510997741E-15,2.15));
#2315=CARTESIAN_POINT('',(0.59947894041409,0.0249999999999982,2.15));
#2316=CARTESIAN_POINT('',(-3.94893568224115,0.0249999999999976,2.14999999999999));
#2317=CARTESIAN_POINT('',(0.849632273398322,0.0249999999999982,2.14999999999999));
#2318=CARTESIAN_POINT('',(-2.40741243048405E-32,-1.54397510997741E-15,2.15));
#2319=CARTESIAN_POINT('',(-3.22475681045538E-32,-1.61759494687885E-15,2.15));
#2320=CARTESIAN_POINT('',(-3.94893568224115,0.0249999999999976,2.14999999999999));
#2321=CARTESIAN_POINT('',(-0.849632273398321,0.024999999999998,2.14999999999999));
#2322=CARTESIAN_POINT('',(-0.59947894041409,0.024999999999998,2.15));
#2323=CARTESIAN_POINT('',(-2.40741243048405E-32,-1.54397510997741E-15,2.15));
#2324=CARTESIAN_POINT('',(-0.0999999999999988,0.59160797830996,2.15));
#2325=CARTESIAN_POINT('',(-0.0999999999999985,2.73494511735406,2.15));
#2326=CARTESIAN_POINT('',(-0.0999999999999988,0.844097150806705,2.15));
#2327=CARTESIAN_POINT('',(-2.40741243048405E-32,-1.54397510997741E-15,2.15));
#2328=CARTESIAN_POINT('',(-3.22475681045538E-32,-1.61759494687885E-15,2.15));
#2329=CARTESIAN_POINT('',(-0.0999999999999985,2.73494511735406,2.15));
#2330=CARTESIAN_POINT('',(-0.0999999999999989,-0.591607978309963,2.15));
#2331=CARTESIAN_POINT('',(-0.099999999999999,-0.844097150806708,2.15));
#2332=CARTESIAN_POINT('',(-2.40741243048405E-32,-1.54397510997741E-15,2.15));
#2333=CARTESIAN_POINT('',(-0.59947894041409,-0.0250000000000014,2.15));
#2334=CARTESIAN_POINT('',(-3.94893568224115,-0.0250000000000018,2.14999999999999));
#2335=CARTESIAN_POINT('',(-0.849632273398321,-0.0250000000000015,2.14999999999999));
#2336=CARTESIAN_POINT('',(-2.40741243048405E-32,-1.54397510997741E-15,2.15));
#2337=CARTESIAN_POINT('',(-3.22475681045538E-32,-1.61759494687885E-15,2.15));
#2338=CARTESIAN_POINT('',(-3.94893568224115,-0.0250000000000018,2.14999999999999));
#2339=CARTESIAN_POINT('',(0.59947894041409,-0.0250000000000013,2.15));
#2340=CARTESIAN_POINT('',(0.849632273398322,-0.0250000000000013,2.14999999999999));
#2341=CARTESIAN_POINT('',(-2.40741243048405E-32,-1.54397510997741E-15,2.15));
#2342=CARTESIAN_POINT('',(-0.0499999999999989,-0.597913037155072,2.15));
#2343=CARTESIAN_POINT('',(-0.0499999999999986,2.73494511735406,2.15));
#2344=CARTESIAN_POINT('',(-0.049999999999999,-0.848528137423858,2.15));
#2345=CARTESIAN_POINT('',(-2.40741243048405E-32,-1.54397510997741E-15,2.15));
#2346=CARTESIAN_POINT('',(-3.94893568224115,-0.0250000000000018,2.14999999999999));
#2347=CARTESIAN_POINT('',(-2.40741243048405E-32,-1.66980038610159E-15,3.28333333333326));
#2348=CARTESIAN_POINT('',(0.591607978309961,-0.100000000000005,-1.25));
#2349=CARTESIAN_POINT('',(1.04522724801834,-0.100000000000006,-1.25000000000001));
#2350=CARTESIAN_POINT('',(0.980645972668016,-0.074999218997065,-0.116631261200065));
#2351=CARTESIAN_POINT('',(0.915589633262731,-0.0499990341749997,1.01671045073351));
#2352=CARTESIAN_POINT('',(0.849632273398321,-0.0250000000000023,2.14999999999999));
#2353=CARTESIAN_POINT('',(1.04522724801834,-0.100000000000005,-1.25000000000001));
#2354=CARTESIAN_POINT('',(-3.94893568224115,-0.100000000000006,-1.25000000000001));
#2355=CARTESIAN_POINT('',(-2.40741243048405E-32,-1.16649928160486E-15,-1.25));
#2356=CARTESIAN_POINT('',(-2.40741243048405E-32,-1.16649928160486E-15,-1.25));
#2357=CARTESIAN_POINT('',(0.0999999999999993,-0.591607978309963,-1.25));
#2358=CARTESIAN_POINT('',(-2.40741243048405E-32,-1.41814983385323E-15,1.01666666666667));
#2359=CARTESIAN_POINT('',(-0.0499999999999986,2.73494511735406,2.15));
#2360=CARTESIAN_POINT('',(0.0999999999999997,2.73494511735406,-1.25));
#2361=CARTESIAN_POINT('',(0.1,-1.04522724801834,-1.25));
#2362=CARTESIAN_POINT('',(0.1,-1.04522724801834,-1.25));
#2363=CARTESIAN_POINT('',(0.0499915176795925,-0.983029264623073,-0.11647440073742));
#2364=CARTESIAN_POINT('',(-1.07481948716197E-5,-0.918241733662391,1.01691029241711));
#2365=CARTESIAN_POINT('',(-0.0499999999999982,-0.848528137423858,2.15));
#2366=CARTESIAN_POINT('',(-0.099999999999999,2.73494511735406,-1.25));
#2367=CARTESIAN_POINT('',(-0.099999999999999,2.73494511735406,-1.25));
#2368=CARTESIAN_POINT('',(-0.0999999999999994,-0.591607978309963,-1.25));
#2369=CARTESIAN_POINT('',(-0.0999999999999986,-1.04522724801834,-1.25));
#2370=CARTESIAN_POINT('',(-0.0999999999999994,-0.591607978309963,-1.25));
#2371=CARTESIAN_POINT('',(-0.0999999999999982,-0.844097150806708,2.15));
#2372=CARTESIAN_POINT('',(-0.0999999999999983,-0.911229710667325,1.01667194990584));
#2373=CARTESIAN_POINT('',(-0.0999999999999984,-0.978255913913363,-0.116662404642523));
#2374=CARTESIAN_POINT('',(-0.0999999999999986,-1.04522724801834,-1.25));
#2375=CARTESIAN_POINT('',(-2.40741243048405E-32,-1.16649928160486E-15,-1.25));
#2376=CARTESIAN_POINT('',(-2.40741243048405E-32,-1.66980038610159E-15,3.28333333333326));
#2377=CARTESIAN_POINT('',(-0.591607978309961,-0.100000000000005,-1.25));
#2378=CARTESIAN_POINT('',(-2.40741243048405E-32,-1.16649928160486E-15,-1.25));
#2379=CARTESIAN_POINT('',(-3.94893568224115,-0.0250000000000018,2.14999999999999));
#2380=CARTESIAN_POINT('',(-3.94893568224115,-0.100000000000006,-1.25000000000001));
#2381=CARTESIAN_POINT('',(-1.04522724801834,-0.100000000000005,-1.25000000000001));
#2382=CARTESIAN_POINT('',(-0.849632273398322,-0.0250000000000021,2.14999999999999));
#2383=CARTESIAN_POINT('',(-0.915589633323855,-0.0499990341981664,1.01671044968327));
#2384=CARTESIAN_POINT('',(-0.980645972616466,-0.0749992189771086,-0.116631260295384));
#2385=CARTESIAN_POINT('',(-1.04522724801834,-0.100000000000006,-1.25000000000001));
#2386=CARTESIAN_POINT('',(-3.94893568224115,0.099999999999995,-1.25000000000001));
#2387=CARTESIAN_POINT('',(-2.40741243048405E-32,-1.6698003861016E-15,3.28333333333336));
#2388=CARTESIAN_POINT('',(-0.591607978309962,0.099999999999999,-1.25));
#2389=CARTESIAN_POINT('',(-1.04522724801834,0.0999999999999947,-1.25));
#2390=CARTESIAN_POINT('',(-0.980645972668017,0.0749992189970557,-0.116631261200064));
#2391=CARTESIAN_POINT('',(-0.915589633262731,0.0499990341749925,1.01671045073351));
#2392=CARTESIAN_POINT('',(-0.849632273398322,0.0249999999999973,2.14999999999999));
#2393=CARTESIAN_POINT('',(-1.04522724801834,0.099999999999999,-1.25));
#2394=CARTESIAN_POINT('',(-3.94893568224115,0.0999999999999987,-1.25000000000001));
#2395=CARTESIAN_POINT('',(-2.40741243048405E-32,-1.16649928160486E-15,-1.25));
#2396=CARTESIAN_POINT('',(-2.40741243048405E-32,-1.16649928160486E-15,-1.25));
#2397=CARTESIAN_POINT('',(-0.0999999999999993,0.591607978309961,-1.25));
#2398=CARTESIAN_POINT('',(-0.0999999999999992,0.59160797830996,-1.25));
#2399=CARTESIAN_POINT('',(-0.099999999999999,2.73494511735406,-1.25));
#2400=CARTESIAN_POINT('',(-0.099999999999999,2.73494511735406,-1.25));
#2401=CARTESIAN_POINT('',(-0.0999999999999993,1.04522724801834,-1.25000000000001));
#2402=CARTESIAN_POINT('',(-0.0999999999999988,1.04522724801834,-1.25000000000001));
#2403=CARTESIAN_POINT('',(-0.0999999999999986,0.978255913618809,-0.116662399657915));
#2404=CARTESIAN_POINT('',(-0.0999999999999985,0.911229710640017,1.01667195036681));
#2405=CARTESIAN_POINT('',(-0.0999999999999984,0.844097150806705,2.15));
#2406=CARTESIAN_POINT('',(-0.0499999999999986,2.73494511735406,2.15));
#2407=CARTESIAN_POINT('',(0.0999999999999997,2.73494511735406,-1.25));
#2408=CARTESIAN_POINT('',(0.0999999999999995,1.04522724801834,-1.25000000000001));
#2409=CARTESIAN_POINT('',(0.0999999999999994,0.59160797830996,-1.25));
#2410=CARTESIAN_POINT('',(-2.40741243048405E-32,-1.41814983385323E-15,1.01666666666667));
#2411=CARTESIAN_POINT('',(-0.0499999999999984,0.848528137423856,2.15));
#2412=CARTESIAN_POINT('',(-1.0746725193437E-5,0.918241735711959,1.0169102591044));
#2413=CARTESIAN_POINT('',(0.0499915165519034,0.983029263220509,-0.116474375176472));
#2414=CARTESIAN_POINT('',(0.0999999999999999,1.04522724801834,-1.25));
#2415=CARTESIAN_POINT('',(-2.40741243048405E-32,-1.16649928160486E-15,-1.25));
#2416=CARTESIAN_POINT('',(-2.40741243048405E-32,-1.6698003861016E-15,3.28333333333336));
#2417=CARTESIAN_POINT('',(0.591607978309962,0.0999999999999992,-1.25));
#2418=CARTESIAN_POINT('',(-2.40741243048405E-32,-1.16649928160486E-15,-1.25));
#2419=CARTESIAN_POINT('',(-3.94893568224115,0.099999999999995,-1.25000000000001));
#2420=CARTESIAN_POINT('',(-3.94893568224115,0.0999999999999987,-1.25000000000001));
#2421=CARTESIAN_POINT('',(1.04522724801834,0.0999999999999945,-1.25));
#2422=CARTESIAN_POINT('',(0.849632273398322,0.0249999999999971,2.14999999999999));
#2423=CARTESIAN_POINT('',(0.915589633323855,0.0499990341981592,1.01671044968327));
#2424=CARTESIAN_POINT('',(0.980645972616467,0.0749992189770993,-0.116631260295384));
#2425=CARTESIAN_POINT('',(1.04522724801834,0.0999999999999945,-1.25));
#2426=CARTESIAN_POINT('',(-2.40741243048405E-32,-1.16649928160486E-15,-1.25));
#2427=CARTESIAN_POINT('',(-2.40741243048405E-32,-1.16649928160486E-15,-1.25));
#2428=CARTESIAN_POINT('',(-2.40741243048405E-32,-1.16649928160486E-15,-1.25));
#2429=CARTESIAN_POINT('',(-2.40741243048405E-32,-1.16649928160486E-15,-1.25));
#2430=CARTESIAN_POINT('',(-2.40741243048405E-32,-1.16649928160486E-15,-1.25));
#2431=CARTESIAN_POINT('',(-2.40741243048405E-32,-1.16649928160486E-15,-1.25));
#2432=CARTESIAN_POINT('',(-2.40741243048405E-32,-1.16649928160486E-15,-1.25));
#2433=CARTESIAN_POINT('',(-2.40741243048405E-32,-1.16649928160486E-15,-1.25));
#2434=CARTESIAN_POINT('',(-3.94893568224115,-0.100000000000002,-1.25000000000001));
#2435=CARTESIAN_POINT('',(0.,0.,-1.25000000000001));
#2436=CARTESIAN_POINT('',(0.,0.,-1.25000000000001));
#2437=CARTESIAN_POINT('',(0.,0.,-1.25000000000001));
#2438=CARTESIAN_POINT('',(0.,0.,-1.25000000000001));
#2439=CARTESIAN_POINT('',(0.,0.,-5.55));
#2440=CARTESIAN_POINT('',(0.,0.,2.15));
#2441=CARTESIAN_POINT('',(0.,-1.05,2.15));
#2442=CARTESIAN_POINT('',(0.,0.,2.15));
#2443=CARTESIAN_POINT('',(0.,0.,2.15));
#2444=CARTESIAN_POINT('',(2.3,0.,2.15));
#2445=CARTESIAN_POINT('',(0.,0.,2.15));
#2446=CARTESIAN_POINT('',(0.,0.,-3.));
#2447=CARTESIAN_POINT('',(2.3,0.,-3.));
#2448=CARTESIAN_POINT('',(0.,0.,-3.));
#2449=CARTESIAN_POINT('',(0.,0.,-3.));
#2450=CARTESIAN_POINT('',(0.,3.375,-3.));
#2451=CARTESIAN_POINT('',(0.,0.,-6.6));
#2452=CARTESIAN_POINT('',(0.,0.,-3.3));
#2453=CARTESIAN_POINT('',(-3.375,0.,-3.3));
#2454=CARTESIAN_POINT('',(0.,5.505,1.19999999999999));
#2455=CARTESIAN_POINT('',(0.,5.505,1.19999999999999));
#2456=CARTESIAN_POINT('',(0.,5.505,0.209999999999994));
#2457=CARTESIAN_POINT('',(0.,-5.505,1.19999999999999));
#2458=CARTESIAN_POINT('',(0.,-5.505,1.19999999999999));
#2459=CARTESIAN_POINT('',(0.,-5.505,0.209999999999994));
#2460=CARTESIAN_POINT('',(5.42101086242752E-17,4.505,1.2));
#2461=CARTESIAN_POINT('',(5.42101086242752E-17,4.505,1.2));
#2462=CARTESIAN_POINT('',(1.72788888531642,4.505,3.00676506497109));
#2463=CARTESIAN_POINT('',(-1.72788888531641,4.505,3.0067650649711));
#2464=CARTESIAN_POINT('',(1.72788888531642,4.505,3.00676506497109));
#2465=CARTESIAN_POINT('',(1.2740106862989,4.67908459386677,3.4408287462845));
#2466=CARTESIAN_POINT('',(0.00243331786024294,4.97087943672385,3.95908175365135));
#2467=CARTESIAN_POINT('',(-1.2738248496555,4.67915587135192,3.44100647003887));
#2468=CARTESIAN_POINT('',(-1.72788888531641,4.505,3.0067650649711));
#2469=CARTESIAN_POINT('',(0.,5.505,1.19999999999999));
#2470=CARTESIAN_POINT('',(0.,4.505,1.19999999999999));
#2471=CARTESIAN_POINT('',(0.,4.505,0.209999999999994));
#2472=CARTESIAN_POINT('',(5.42101086242752E-17,-4.505,1.2));
#2473=CARTESIAN_POINT('',(5.42101086242752E-17,-4.505,1.2));
#2474=CARTESIAN_POINT('',(1.72788888531642,-4.505,3.00676506497109));
#2475=CARTESIAN_POINT('',(-1.72788888531641,-4.505,3.0067650649711));
#2476=CARTESIAN_POINT('',(-1.72788888531642,-4.505,3.00676506497109));
#2477=CARTESIAN_POINT('',(-1.27377052325237,-4.67917670819724,3.44105842476722));
#2478=CARTESIAN_POINT('',(-0.00353576751069079,-4.97077582903694,3.95882362181259));
#2479=CARTESIAN_POINT('',(1.27352664543988,-4.67927024732301,3.44129165584399));
#2480=CARTESIAN_POINT('',(1.72788888531642,-4.505,3.00676506497109));
#2481=CARTESIAN_POINT('',(3.30643715532042E-15,0.,5.4));
#2482=CARTESIAN_POINT('',(3.30643715532042E-15,0.,5.4));
#2483=CARTESIAN_POINT('',(4.825,0.,5.4));
#2484=CARTESIAN_POINT('',(1.72788888531642,-4.505,5.4));
#2485=CARTESIAN_POINT('',(1.72788888531645,-4.50499999999999,2.9));
#2486=CARTESIAN_POINT('',(0.,0.,2.9));
#2487=CARTESIAN_POINT('',(1.72788888531642,4.505,2.9));
#2488=CARTESIAN_POINT('',(1.72788888531642,4.505,5.4));
#2489=CARTESIAN_POINT('',(-1.72788888531641,4.505,5.4));
#2490=CARTESIAN_POINT('',(-1.72788888531641,4.505,2.9));
#2491=CARTESIAN_POINT('',(0.,0.,2.9));
#2492=CARTESIAN_POINT('',(-1.72788888531644,-4.50499999999999,2.9));
#2493=CARTESIAN_POINT('',(-1.72788888531641,-4.505,5.4));
#2494=CARTESIAN_POINT('',(3.30643715532042E-15,0.,5.4));
#2495=CARTESIAN_POINT('',(0.,0.,5.4));
#2496=CARTESIAN_POINT('',(-4.5,0.,5.4));
#2497=CARTESIAN_POINT('',(0.,0.,5.4));
#2498=CARTESIAN_POINT('',(0.,0.,5.1));
#2499=CARTESIAN_POINT('',(-4.2,0.,5.1));
#2500=CARTESIAN_POINT('',(0.,0.,-3.));
#2501=CARTESIAN_POINT('',(0.,0.,-3.));
#2502=CARTESIAN_POINT('',(4.2,0.,-3.));
#2503=CARTESIAN_POINT('',(0.,0.,-3.));
#2504=CARTESIAN_POINT('',(0.,0.,-3.));
#2505=CARTESIAN_POINT('',(-3.675,0.,-3.));
#2506=CARTESIAN_POINT('',(0.,0.,-3.));
#2507=CARTESIAN_POINT('',(0.,-5.505,1.19999999999999));
#2508=CARTESIAN_POINT('',(0.,-4.505,1.19999999999999));
#2509=CARTESIAN_POINT('',(0.,-4.505,0.209999999999994));
#2510=CARTESIAN_POINT('',(-5.08,5.08,-11.1));
#2511=CARTESIAN_POINT('',(-5.08,5.08,-11.1));
#2512=CARTESIAN_POINT('',(-5.08,4.58,-11.1));
#2513=CARTESIAN_POINT('',(-5.08,-5.08,-11.1));
#2514=CARTESIAN_POINT('',(-5.08,-5.08,-11.1));
#2515=CARTESIAN_POINT('',(-5.08,-5.58,-11.1));
#2516=CARTESIAN_POINT('',(5.08,-5.08,-11.1));
#2517=CARTESIAN_POINT('',(5.08,-5.08,-11.1));
#2518=CARTESIAN_POINT('',(5.08,-5.58,-11.1));
#2519=CARTESIAN_POINT('',(0.,0.,1.2));
#2520=CARTESIAN_POINT('',(1.72788888531642,-4.505,-0.500000000000008));
#2521=CARTESIAN_POINT('',(1.5052642792024,-4.505,0.0391953699873059));
#2522=CARTESIAN_POINT('',(1.17438351184564,-4.505,1.19985254430114));
#2523=CARTESIAN_POINT('',(1.5050358072461,-4.505,2.36025127239805));
#2524=CARTESIAN_POINT('',(1.72788888531641,-4.505,2.90000000000001));
#2525=CARTESIAN_POINT('',(1.72788888531644,-4.50499999999999,-0.5));
#2526=CARTESIAN_POINT('',(0.,0.,-0.5));
#2527=CARTESIAN_POINT('',(1.72788888531641,4.505,-0.500000000000001));
#2528=CARTESIAN_POINT('',(1.72788888531641,4.505,-0.5));
#2529=CARTESIAN_POINT('',(1.50526427920239,4.505,0.0391953699873112));
#2530=CARTESIAN_POINT('',(1.17438351184564,4.505,1.19985254430114));
#2531=CARTESIAN_POINT('',(1.50503580724611,4.505,2.36025127239804));
#2532=CARTESIAN_POINT('',(1.72788888531642,4.505,2.9));
#2533=CARTESIAN_POINT('',(5.42101086242752E-17,4.505,1.2));
#2534=CARTESIAN_POINT('',(5.42101086242752E-17,4.505,1.2));
#2535=CARTESIAN_POINT('',(-1.72788888531641,4.505,-0.606765064971096));
#2536=CARTESIAN_POINT('',(1.72788888531642,4.505,-0.60676506497109));
#2537=CARTESIAN_POINT('',(-1.72788888531641,4.505,-0.606765064971093));
#2538=CARTESIAN_POINT('',(-1.27377052325236,4.67917670819724,-1.04105842476722));
#2539=CARTESIAN_POINT('',(-0.00353576751069144,4.97077582903694,-1.55882362181259));
#2540=CARTESIAN_POINT('',(1.27352664543988,4.67927024732301,-1.04129165584399));
#2541=CARTESIAN_POINT('',(1.72788888531642,4.505,-0.606765064971087));
#2542=CARTESIAN_POINT('',(5.42101086242752E-17,4.505,1.2));
#2543=CARTESIAN_POINT('',(-1.72788888531641,4.505,5.4));
#2544=CARTESIAN_POINT('',(-1.72788888531642,4.505,-0.499999999999997));
#2545=CARTESIAN_POINT('',(-1.72788888531641,4.505,2.9));
#2546=CARTESIAN_POINT('',(-1.50526427920239,4.505,2.36080463001269));
#2547=CARTESIAN_POINT('',(-1.17438351184565,4.505,1.20014745569886));
#2548=CARTESIAN_POINT('',(-1.50503580724611,4.505,0.0397487276019639));
#2549=CARTESIAN_POINT('',(-1.72788888531641,4.505,-0.499999999999995));
#2550=CARTESIAN_POINT('',(1.72788888531642,4.505,5.4));
#2551=CARTESIAN_POINT('',(0.,0.,1.2));
#2552=CARTESIAN_POINT('',(-1.72788888531642,-4.505,2.90000000000001));
#2553=CARTESIAN_POINT('',(-1.5052642792024,-4.505,2.36080463001269));
#2554=CARTESIAN_POINT('',(-1.17438351184563,-4.505,1.20014745569886));
#2555=CARTESIAN_POINT('',(-1.50503580724611,-4.505,0.0397487276019512));
#2556=CARTESIAN_POINT('',(-1.72788888531642,-4.505,-0.500000000000011));
#2557=CARTESIAN_POINT('',(-1.72788888531645,-4.50499999999999,-0.5));
#2558=CARTESIAN_POINT('',(0.,0.,-0.5));
#2559=CARTESIAN_POINT('',(5.42101086242752E-17,-4.505,1.2));
#2560=CARTESIAN_POINT('',(-1.72788888531641,-4.505,5.4));
#2561=CARTESIAN_POINT('',(-1.72788888531641,-4.505,-0.606765064971095));
#2562=CARTESIAN_POINT('',(5.42101086242752E-17,-4.505,1.2));
#2563=CARTESIAN_POINT('',(1.72788888531642,-4.505,-0.606765064971088));
#2564=CARTESIAN_POINT('',(1.72788888531642,-4.505,5.4));
#2565=CARTESIAN_POINT('',(5.42101086242752E-17,-4.505,1.2));
#2566=CARTESIAN_POINT('',(1.72788888531642,-4.505,-0.606765064971085));
#2567=CARTESIAN_POINT('',(1.27377052325237,-4.67917670819724,-1.04105842476722));
#2568=CARTESIAN_POINT('',(0.00353576751069978,-4.97077582903694,-1.55882362181259));
#2569=CARTESIAN_POINT('',(-1.27352664543987,-4.67927024732301,-1.041291655844));
#2570=CARTESIAN_POINT('',(-1.72788888531641,-4.505,-0.606765064971091));
#2571=CARTESIAN_POINT('',(5.08,5.08,-11.1));
#2572=CARTESIAN_POINT('',(5.08,5.08,-11.1));
#2573=CARTESIAN_POINT('',(5.08,4.58,-11.1));
#2574=CARTESIAN_POINT('',(-5.08,5.08,-11.1));
#2575=CARTESIAN_POINT('',(-5.08,5.08,-7.6));
#2576=CARTESIAN_POINT('',(-5.58,5.08,-7.6));
#2577=CARTESIAN_POINT('',(-5.08,-5.08,-11.1));
#2578=CARTESIAN_POINT('',(-5.08,-5.08,-7.6));
#2579=CARTESIAN_POINT('',(-5.58,-5.08,-7.6));
#2580=CARTESIAN_POINT('',(5.08,-5.08,-11.1));
#2581=CARTESIAN_POINT('',(5.08,-5.08,-7.6));
#2582=CARTESIAN_POINT('',(4.58,-5.08,-7.6));
#2583=CARTESIAN_POINT('',(3.30643715532042E-15,0.,5.4));
#2584=CARTESIAN_POINT('',(3.30643715532042E-15,0.,-5.4));
#2585=CARTESIAN_POINT('',(4.825,0.,-5.4));
#2586=CARTESIAN_POINT('',(5.08,5.08,-11.1));
#2587=CARTESIAN_POINT('',(5.08,5.08,-7.6));
#2588=CARTESIAN_POINT('',(4.58,5.08,-7.6));
#2589=CARTESIAN_POINT('',(-5.08,5.08,-7.6));
#2590=CARTESIAN_POINT('',(-5.08,5.08,-7.6));
#2591=CARTESIAN_POINT('',(-6.,5.47191835884531,-7.6));
#2592=CARTESIAN_POINT('',(-5.47191835884531,6.,-7.6));
#2593=CARTESIAN_POINT('',(-5.47191835884531,6.,-7.6));
#2594=CARTESIAN_POINT('',(-4.68808164115469,6.,-7.6));
#2595=CARTESIAN_POINT('',(-5.08,5.08,-7.6));
#2596=CARTESIAN_POINT('',(-6.,4.68808164115469,-7.6));
#2597=CARTESIAN_POINT('',(-6.,4.68808164115469,-7.6));
#2598=CARTESIAN_POINT('',(-5.08,5.08,-7.6));
#2599=CARTESIAN_POINT('',(-5.08,5.08,-7.1));
#2600=CARTESIAN_POINT('',(-6.,5.47191835884531,-7.1));
#2601=CARTESIAN_POINT('',(-5.47191835884531,6.,-7.1));
#2602=CARTESIAN_POINT('',(-5.47191835884531,6.,-7.6));
#2603=CARTESIAN_POINT('',(-6.,5.47191835884531,-7.6));
#2604=CARTESIAN_POINT('',(0.,0.,-7.1));
#2605=CARTESIAN_POINT('',(-6.,-6.,-7.1));
#2606=CARTESIAN_POINT('',(-6.,6.,-7.1));
#2607=CARTESIAN_POINT('',(-6.,6.,-7.1));
#2608=CARTESIAN_POINT('',(-5.08,-5.08,-7.6));
#2609=CARTESIAN_POINT('',(-5.08,-5.08,-7.6));
#2610=CARTESIAN_POINT('',(-5.47191835884529,-6.,-7.6));
#2611=CARTESIAN_POINT('',(-6.,-5.47191835884531,-7.6));
#2612=CARTESIAN_POINT('',(-6.,-5.47191835884531,-7.6));
#2613=CARTESIAN_POINT('',(-6.,-4.68808164115469,-7.6));
#2614=CARTESIAN_POINT('',(-5.08,-5.08,-7.6));
#2615=CARTESIAN_POINT('',(-4.68808164115471,-6.00000000000001,-7.6));
#2616=CARTESIAN_POINT('',(-4.6880816411547,-6.,-7.6));
#2617=CARTESIAN_POINT('',(-5.08,-5.08,-7.6));
#2618=CARTESIAN_POINT('',(-5.08,-5.08,-7.1));
#2619=CARTESIAN_POINT('',(-5.47191835884531,-6.,-7.1));
#2620=CARTESIAN_POINT('',(-6.,-5.47191835884531,-7.1));
#2621=CARTESIAN_POINT('',(-6.,-5.47191835884531,-7.6));
#2622=CARTESIAN_POINT('',(-5.47191835884529,-6.,-7.6));
#2623=CARTESIAN_POINT('',(0.,0.,-7.1));
#2624=CARTESIAN_POINT('',(6.,-6.,-7.1));
#2625=CARTESIAN_POINT('',(-6.,-6.,-7.1));
#2626=CARTESIAN_POINT('',(-6.,-6.,-7.1));
#2627=CARTESIAN_POINT('',(0.,0.,-7.1));
#2628=CARTESIAN_POINT('',(5.08,5.08,-7.1));
#2629=CARTESIAN_POINT('',(5.47191835884531,6.,-7.1));
#2630=CARTESIAN_POINT('',(6.,5.47191835884531,-7.1));
#2631=CARTESIAN_POINT('',(-6.,6.,-7.1));
#2632=CARTESIAN_POINT('',(6.,6.,-7.1));
#2633=CARTESIAN_POINT('',(6.,6.,-7.1));
#2634=CARTESIAN_POINT('',(5.08,5.08,-7.6));
#2635=CARTESIAN_POINT('',(6.,5.47191835884531,-7.6));
#2636=CARTESIAN_POINT('',(6.,5.47191835884531,-7.6));
#2637=CARTESIAN_POINT('',(5.08,5.08,-7.6));
#2638=CARTESIAN_POINT('',(5.47191835884529,6.,-7.6));
#2639=CARTESIAN_POINT('',(5.47191835884529,6.,-7.6));
#2640=CARTESIAN_POINT('',(5.08,-5.08,-7.6));
#2641=CARTESIAN_POINT('',(5.08,-5.08,-7.6));
#2642=CARTESIAN_POINT('',(6.,-5.47191835884529,-7.6));
#2643=CARTESIAN_POINT('',(5.47191835884531,-6.,-7.6));
#2644=CARTESIAN_POINT('',(5.47191835884531,-6.,-7.6));
#2645=CARTESIAN_POINT('',(4.68808164115469,-6.,-7.6));
#2646=CARTESIAN_POINT('',(5.08,-5.08,-7.6));
#2647=CARTESIAN_POINT('',(6.00000000000001,-4.68808164115471,-7.6));
#2648=CARTESIAN_POINT('',(6.,-4.68808164115471,-7.6));
#2649=CARTESIAN_POINT('',(5.08,-5.08,-7.6));
#2650=CARTESIAN_POINT('',(5.08,-5.08,-7.1));
#2651=CARTESIAN_POINT('',(6.,-5.47191835884531,-7.1));
#2652=CARTESIAN_POINT('',(5.47191835884531,-6.,-7.1));
#2653=CARTESIAN_POINT('',(5.47191835884531,-6.,-7.6));
#2654=CARTESIAN_POINT('',(6.,-5.47191835884529,-7.6));
#2655=CARTESIAN_POINT('',(0.,0.,-7.1));
#2656=CARTESIAN_POINT('',(6.,6.,-7.1));
#2657=CARTESIAN_POINT('',(6.,-6.,-7.1));
#2658=CARTESIAN_POINT('',(6.,-6.,-7.1));
#2659=CARTESIAN_POINT('',(0.,0.,-5.4));
#2660=CARTESIAN_POINT('',(-6.,6.,-5.4));
#2661=CARTESIAN_POINT('',(-6.,6.,-5.4));
#2662=CARTESIAN_POINT('',(6.,6.,-5.4));
#2663=CARTESIAN_POINT('',(-6.,-6.,-5.4));
#2664=CARTESIAN_POINT('',(-6.,-6.,-5.4));
#2665=CARTESIAN_POINT('',(6.,-6.,-5.4));
#2666=CARTESIAN_POINT('',(6.,-6.,-5.4));
#2667=CARTESIAN_POINT('',(6.,6.,-5.4));
#2668=CARTESIAN_POINT('',(5.08,5.08,-7.6));
#2669=CARTESIAN_POINT('',(6.,5.47191835884531,-7.6));
#2670=CARTESIAN_POINT('',(6.,4.68808164115469,-7.6));
#2671=CARTESIAN_POINT('',(5.08,5.08,-7.6));
#2672=CARTESIAN_POINT('',(4.68808164115471,6.00000000000001,-7.6));
#2673=CARTESIAN_POINT('',(4.6880816411547,6.,-7.6));
#2674=CARTESIAN_POINT('',(-6.,6.,-7.1));
#2675=CARTESIAN_POINT('',(6.,6.,-7.1));
#2676=CARTESIAN_POINT('',(4.68808164115471,6.00000000000001,-7.6));
#2677=CARTESIAN_POINT('',(4.68808164115471,6.00000000000001,-7.1));
#2678=CARTESIAN_POINT('',(-6.,6.,-7.1));
#2679=CARTESIAN_POINT('',(-4.68808164115469,6.,-7.1));
#2680=CARTESIAN_POINT('',(-4.68808164115469,6.,-7.6));
#2681=CARTESIAN_POINT('',(-6.,6.,-7.1));
#2682=CARTESIAN_POINT('',(-5.08,5.08,-7.6));
#2683=CARTESIAN_POINT('',(-5.08,5.08,-7.1));
#2684=CARTESIAN_POINT('',(-6.,4.68808164115469,-7.1));
#2685=CARTESIAN_POINT('',(-6.,4.68808164115469,-7.6));
#2686=CARTESIAN_POINT('',(-6.,-6.,-7.1));
#2687=CARTESIAN_POINT('',(-6.,-6.,-7.1));
#2688=CARTESIAN_POINT('',(-6.,-4.68808164115469,-7.1));
#2689=CARTESIAN_POINT('',(-6.,-4.68808164115469,-7.6));
#2690=CARTESIAN_POINT('',(-6.,-6.,-7.1));
#2691=CARTESIAN_POINT('',(-5.08,-5.08,-7.6));
#2692=CARTESIAN_POINT('',(-5.08,-5.08,-7.1));
#2693=CARTESIAN_POINT('',(-4.68808164115471,-6.00000000000001,-7.1));
#2694=CARTESIAN_POINT('',(-4.68808164115471,-6.00000000000001,-7.6));
#2695=CARTESIAN_POINT('',(6.,-6.,-7.1));
#2696=CARTESIAN_POINT('',(6.,-6.,-7.1));
#2697=CARTESIAN_POINT('',(4.68808164115469,-6.,-7.1));
#2698=CARTESIAN_POINT('',(4.68808164115469,-6.,-7.6));
#2699=CARTESIAN_POINT('',(6.,-6.,-7.1));
#2700=CARTESIAN_POINT('',(5.08,-5.08,-7.6));
#2701=CARTESIAN_POINT('',(5.08,-5.08,-7.1));
#2702=CARTESIAN_POINT('',(6.00000000000001,-4.68808164115471,-7.1));
#2703=CARTESIAN_POINT('',(6.00000000000001,-4.68808164115471,-7.6));
#2704=CARTESIAN_POINT('',(6.,6.,-7.1));
#2705=CARTESIAN_POINT('',(6.,6.,-7.1));
#2706=CARTESIAN_POINT('',(6.,4.68808164115469,-7.1));
#2707=CARTESIAN_POINT('',(6.,4.68808164115469,-7.6));
#2708=CARTESIAN_POINT('',(5.08,5.08,-7.6));
#2709=CARTESIAN_POINT('',(5.08,5.08,-7.1));
#2710=CARTESIAN_POINT('',(0.,0.,-7.1));
#2711=CARTESIAN_POINT('',(-2.40741243048405E-32,-5.17018812199138E-16,-7.1));
#2712=CARTESIAN_POINT('',(0.5,-4.6150766096788E-16,-7.1));
#2713=CARTESIAN_POINT('',(-2.40741243048405E-32,-7.29296023490751E-17,-11.1));
#2714=CARTESIAN_POINT('',(-2.40741243048405E-32,-7.29296023490751E-17,-11.1));
#2715=CARTESIAN_POINT('',(4.44089209850063E-17,0.4,-11.1));
#2716=CARTESIAN_POINT('',(-2.40741243048405E-32,-7.29296023490751E-17,-11.1));
#2717=CARTESIAN_POINT('',(-2.40741243048405E-32,-8.40318325953267E-17,-11.));
#2718=CARTESIAN_POINT('',(5.55111512312578E-17,0.5,-11.));
#2719=CARTESIAN_POINT('',(-2.40741243048405E-32,-7.29296023490751E-17,-11.1));
#2720=MECHANICAL_DESIGN_GEOMETRIC_PRESENTATION_REPRESENTATION('',(#1142,
#1143,#1144,#1145,#1146,#1147,#1148,#1149,#1150,#1151,#1152,#1153,#1154,
#1155,#1156,#1157,#1158,#1159,#1160,#1161,#1162,#1163,#1164,#1165,#1166,
#1167,#1168,#1169,#1170,#1171,#1172,#1173,#1174,#1175,#1176,#1177,#1178,
#1179,#1180,#1181,#1182,#1183,#1184,#1185,#1186,#1187,#1188,#1189,#1190,
#1191,#1192,#1193,#1194,#1195,#1196,#1197,#1198,#1199,#1200,#1201,#1202,
#1203,#1204,#1205,#1206,#1207,#1208,#1209,#1210,#1211,#1212,#1213,#1214,
#1215,#1216,#1217,#1218,#1219),#2721);
#2721=(
GEOMETRIC_REPRESENTATION_CONTEXT(3)
GLOBAL_UNCERTAINTY_ASSIGNED_CONTEXT((#2722))
GLOBAL_UNIT_ASSIGNED_CONTEXT((#2725,#2724,#2723))
REPRESENTATION_CONTEXT('60712002241507','TOP_LEVEL_ASSEMBLY_PART')
);
#2722=UNCERTAINTY_MEASURE_WITH_UNIT(LENGTH_MEASURE(0.005),#2725,
'DISTANCE_ACCURACY_VALUE','Maximum Tolerance applied to model');
#2723=(
NAMED_UNIT(*)
SI_UNIT($,.STERADIAN.)
SOLID_ANGLE_UNIT()
);
#2724=(
NAMED_UNIT(*)
PLANE_ANGLE_UNIT()
SI_UNIT($,.RADIAN.)
);
#2725=(
LENGTH_UNIT()
NAMED_UNIT(*)
SI_UNIT(.MILLI.,.METRE.)
);
#2726=PRODUCT_DEFINITION_SHAPE('','',#2727);
#2727=PRODUCT_DEFINITION('','',#2729,#2728);
#2728=PRODUCT_DEFINITION_CONTEXT('',#2735,'design');
#2729=PRODUCT_DEFINITION_FORMATION_WITH_SPECIFIED_SOURCE('','',#2731,
 .NOT_KNOWN.);
#2730=PRODUCT_RELATED_PRODUCT_CATEGORY('','',(#2731));
#2731=PRODUCT('60712002241507','60712002241507','60712002241507',(#2733));
#2732=PRODUCT_CATEGORY('','');
#2733=PRODUCT_CONTEXT('',#2735,'mechanical');
#2734=APPLICATION_PROTOCOL_DEFINITION('international standard',
'automotive_design',2010,#2735);
#2735=APPLICATION_CONTEXT(
'core data for automotive mechanical design processes');
ENDSEC;
END-ISO-10303-21;
